,FLF Coelomocytes,FLF Embryonic,FLF Excretory,FLF Excretory cells,FLF Germline,FLF Gonadal sheath,FLF Hypodermis,FLF Intestine-Rectum,FLF Muscle,FLF Neurons,FLF Oocytes,FLF Pharynx,FLF Sperm,FLF Spermatheca,FLF Unassigned uterine cells,PF Differentiated germ,PF Embryonic,PF Excretory,PF Germline,PF Gonadal sheath,PF Intestine-Rectum,PF Muscle,PF Neuronal Support-like,PF Neurons,PF Oocytes,PF Pharynx,PF Spermatheca,PF Unassigned uterine cells
FLF Coelomocytes,1,0.060582063,0.09520439,0.071944983,0.017281311,0.062062851,0.146769634,0.09690419,0.215924354,0.195859316,0.052027749,0.075197812,0.400820233,0.094320203,0.045150985,0.123999273,0.061032295,0.086742768,0.051880506,0.091145792,0.097363697,0.130993987,0.004251741,0.241752029,0.035931097,0.09106443,0.04311352,0.015898474
FLF Embryonic,0.060582063,1,0.395545012,0.358047911,0.374166284,0.258023827,0.601512932,0.432911532,0.273530092,0.490983128,0.478431622,0.258089196,0.243380319,0.371231296,0.217703829,0.344710219,0.81508978,0.435068077,0.379920213,0.296862937,0.502518617,0.478293487,0.014404447,0.517267967,0.304975318,0.420473704,0.427011204,0.071502458
FLF Excretory,0.09520439,0.395545012,1,0.589666698,0.065319861,0.42443145,0.764242185,0.627330339,0.497913363,0.665193082,0.207101976,0.399370505,0.270937034,0.434477025,0.267762852,0.063580922,0.37805633,0.877259036,0.064394357,0.261703923,0.566376619,0.607957827,0.023165665,0.70809068,0.062001701,0.578998298,0.162728586,0.069469103
FLF Excretory cells,0.071944983,0.358047911,0.589666698,1,0.096067839,0.367813069,0.572187875,0.506122763,0.38765196,0.598220873,0.188316965,0.331613788,0.13187778,0.410901659,0.283870997,0.088987844,0.347509704,0.631964412,0.111638727,0.2249418,0.490264137,0.472783405,0.020364502,0.634213323,0.076471161,0.455598819,0.207337513,0.108004989
FLF Germline,0.017281311,0.374166284,0.065319861,0.096067839,1,0.11838306,0.252252875,0.170073564,0.106981599,0.221011461,0.719444916,0.09625105,0.342470638,0.344025359,0.236752911,0.661544879,0.490054936,0.200878704,0.85549626,0.398871134,0.268532868,0.191164906,0.015218971,0.27918335,0.483630479,0.297002013,0.784075983,0.075167117
FLF Gonadal sheath,0.062062851,0.258023827,0.42443145,0.367813069,0.11838306,1,0.53197967,0.372507556,0.670552578,0.577625216,0.388807261,0.266605504,0.10202616,0.566163157,0.335730292,0.088214415,0.226770921,0.420247755,0.109256625,0.630668975,0.354941407,0.417120031,0.027087242,0.418554614,0.165052733,0.452172121,0.13794216,0.07616708
FLF Hypodermis,0.146769634,0.601512932,0.764242185,0.572187875,0.252252875,0.53197967,1,0.653000337,0.688359398,0.770391773,0.473561767,0.439940066,0.355582017,0.680015977,0.463709355,0.221785925,0.531458644,0.729372604,0.240297126,0.497769716,0.697976028,0.78761053,0.032266329,0.726562697,0.250738133,0.706247289,0.313291127,0.1373561
FLF Intestine-Rectum,0.09690419,0.432911532,0.627330339,0.506122763,0.170073564,0.372507556,0.653000337,1,0.36137633,0.550704525,0.234487881,0.294611386,0.145778369,0.445316295,0.33688683,0.153437596,0.408199805,0.610501942,0.200984055,0.251618738,0.80635591,0.471931636,0.017730481,0.616197504,0.109633476,0.469618648,0.277402262,0.098396911
FLF Muscle,0.215924354,0.273530092,0.497913363,0.38765196,0.106981599,0.670552578,0.688359398,0.36137633,1,0.635052117,0.366643217,0.375697383,0.322149677,0.591961375,0.347478607,0.101630198,0.232320892,0.475100169,0.086767394,0.501444865,0.335936576,0.79637754,0.025598563,0.476623742,0.144473868,0.653160968,0.126082727,0.086097931
FLF Neurons,0.195859316,0.490983128,0.665193082,0.598220873,0.221011461,0.577625216,0.770391773,0.550704525,0.635052117,1,0.426221595,0.414918375,0.280569317,0.592368134,0.382645056,0.179287285,0.450191417,0.702558145,0.210920772,0.485145753,0.531761601,0.627626136,0.030420587,0.814238505,0.218419509,0.623449181,0.283656373,0.115060536
FLF Oocytes,0.052027749,0.478431622,0.207101976,0.188316965,0.719444916,0.388807261,0.473561767,0.234487881,0.366643217,0.426221595,1,0.202646482,0.269475222,0.590856817,0.36254224,0.520618687,0.557908055,0.304909065,0.618602309,0.751752137,0.324837817,0.34866531,0.034709323,0.385893658,0.776770856,0.445524265,0.596933544,0.117121196
FLF Pharynx,0.075197812,0.258089196,0.399370505,0.331613788,0.09625105,0.266605504,0.439940066,0.294611386,0.375697383,0.414918375,0.202646482,1,0.156831715,0.305095345,0.17684467,0.080624851,0.233011874,0.398091646,0.091050368,0.1777206,0.280927455,0.406503328,0.013960721,0.38015985,0.070872556,0.40652107,0.13461232,0.049175576
FLF Sperm,0.400820233,0.243380319,0.270937034,0.13187778,0.342470638,0.10202616,0.355582017,0.145778369,0.322149677,0.280569317,0.269475222,0.156831715,1,0.223038733,0.120703812,0.276448178,0.255222742,0.270123618,0.328645955,0.177139172,0.190889191,0.338609133,0.007219837,0.29929552,0.139276137,0.287033803,0.310265886,0.0341362
FLF Spermatheca,0.094320203,0.371231296,0.434477025,0.410901659,0.344025359,0.566163157,0.680015977,0.445316295,0.591961375,0.592368134,0.590856817,0.305095345,0.223038733,1,0.742007064,0.267956665,0.369013043,0.452201308,0.310377988,0.66364218,0.453352157,0.479885682,0.035038936,0.483650209,0.353921354,0.528738007,0.329223483,0.225619619
FLF Unassigned uterine cells,0.045150985,0.217703829,0.267762852,0.283870997,0.236752911,0.335730292,0.463709355,0.33688683,0.347478607,0.382645056,0.36254224,0.17684467,0.120703812,0.742007064,1,0.191067646,0.21932589,0.2883448,0.205198717,0.400285012,0.339063937,0.267273075,0.02328547,0.28472905,0.227839834,0.32461771,0.216400127,0.414464012
PF Differentiated germ,0.123999273,0.344710219,0.063580922,0.088987844,0.661544879,0.088214415,0.221785925,0.153437596,0.101630198,0.179287285,0.520618687,0.080624851,0.276448178,0.267956665,0.191067646,1,0.484190235,0.184541304,0.806203987,0.404665568,0.266052193,0.190780208,0.016270918,0.274494103,0.475256923,0.302990222,0.745884351,0.186118321
PF Embryonic,0.061032295,0.81508978,0.37805633,0.347509704,0.490054936,0.226770921,0.531458644,0.408199805,0.232320892,0.450191417,0.557908055,0.233011874,0.255222742,0.369013043,0.21932589,0.484190235,1,0.472102544,0.541093746,0.391723855,0.496496217,0.450086201,0.032087234,0.567649257,0.51897634,0.484389759,0.57619791,0.13134663
PF Excretory,0.086742768,0.435068077,0.877259036,0.631964412,0.200878704,0.420247755,0.729372604,0.610501942,0.475100169,0.702558145,0.304909065,0.398091646,0.270123618,0.452201308,0.2883448,0.184541304,0.472102544,1,0.211051731,0.332016993,0.607595458,0.62985194,0.050019407,0.78988642,0.177954448,0.631834102,0.306649032,0.103505161
PF Germline,0.051880506,0.379920213,0.064394357,0.111638727,0.85549626,0.109256625,0.240297126,0.200984055,0.086767394,0.210920772,0.618602309,0.091050368,0.328645955,0.310377988,0.205198717,0.806203987,0.541093746,0.211051731,1,0.425353924,0.316356309,0.178526304,0.010245778,0.315968455,0.511904817,0.310863398,0.919821174,0.084914119
PF Gonadal sheath,0.091145792,0.296862937,0.261703923,0.2249418,0.398871134,0.630668975,0.497769716,0.251618738,0.501444865,0.485145753,0.751752137,0.1777206,0.177139172,0.66364218,0.400285012,0.404665568,0.391723855,0.332016993,0.425353924,1,0.355823583,0.345702434,0.137558508,0.402526682,0.649435376,0.500282191,0.426352208,0.250249012
PF Intestine-Rectum,0.097363697,0.502518617,0.566376619,0.490264137,0.268532868,0.354941407,0.697976028,0.80635591,0.335936576,0.531761601,0.324837817,0.280927455,0.190889191,0.453352157,0.339063937,0.266052193,0.496496217,0.607595458,0.316356309,0.355823583,1,0.490216339,0.038225533,0.634623921,0.21291922,0.491790204,0.395425911,0.150097545
PF Muscle,0.130993987,0.478293487,0.607957827,0.472783405,0.191164906,0.417120031,0.78761053,0.471931636,0.79637754,0.627626136,0.34866531,0.406503328,0.338609133,0.479885682,0.267273075,0.190780208,0.450086201,0.62985194,0.178526304,0.345702434,0.490216339,1,0.04751991,0.639874264,0.181705352,0.75196664,0.247377646,0.099625231
PF Neuronal Support-like,0.004251741,0.014404447,0.023165665,0.020364502,0.015218971,0.027087242,0.032266329,0.017730481,0.025598563,0.030420587,0.034709323,0.013960721,0.007219837,0.035038936,0.02328547,0.016270918,0.032087234,0.050019407,0.010245778,0.137558508,0.038225533,0.04751991,1,0.066654523,0.049180407,0.109769324,0.165366923,0.019366274
PF Neurons,0.241752029,0.517267967,0.70809068,0.634213323,0.27918335,0.418554614,0.726562697,0.616197504,0.476623742,0.814238505,0.385893658,0.38015985,0.29929552,0.483650209,0.28472905,0.274494103,0.567649257,0.78988642,0.315968455,0.402526682,0.634623921,0.639874264,0.066654523,1,0.27224144,0.660352451,0.42259605,0.116134247
PF Oocytes,0.035931097,0.304975318,0.062001701,0.076471161,0.483630479,0.165052733,0.250738133,0.109633476,0.144473868,0.218419509,0.776770856,0.070872556,0.139276137,0.353921354,0.227839834,0.475256923,0.51897634,0.177954448,0.511904817,0.649435376,0.21291922,0.181705352,0.049180407,0.27224144,1,0.317168272,0.504198549,0.189647361
PF Pharynx,0.09106443,0.420473704,0.578998298,0.455598819,0.297002013,0.452172121,0.706247289,0.469618648,0.653160968,0.623449181,0.445524265,0.40652107,0.287033803,0.528738007,0.32461771,0.302990222,0.484389759,0.631834102,0.310863398,0.500282191,0.491790204,0.75196664,0.109769324,0.660352451,0.317168272,1,0.377836141,0.221894297
PF Spermatheca,0.04311352,0.427011204,0.162728586,0.207337513,0.784075983,0.13794216,0.313291127,0.277402262,0.126082727,0.283656373,0.596933544,0.13461232,0.310265886,0.329223483,0.216400127,0.745884351,0.57619791,0.306649032,0.919821174,0.426352208,0.395425911,0.247377646,0.165366923,0.42259605,0.504198549,0.377836141,1,0.085917753
PF Unassigned uterine cells,0.015898474,0.071502458,0.069469103,0.108004989,0.075167117,0.07616708,0.1373561,0.098396911,0.086097931,0.115060536,0.117121196,0.049175576,0.0341362,0.225619619,0.414464012,0.186118321,0.13134663,0.103505161,0.084914119,0.250249012,0.150097545,0.099625231,0.019366274,0.116134247,0.189647361,0.221894297,0.085917753,1