Island Number,Mean Expression Corrolation
1,0.992868677
2,0.988111229
3,0.965718758
4,0.965224388
5,0.849972915
6,0.32201777
7,0.238931461
8,0.948606638
9,0.489023488
10,0.487059084
11,0.577528529
12,0.649561682
13,0.294095581
14,0.953967301
15,0.67648667
16,0.607840034
17,0.450523734
18,0.953077284
19,0.977684849
20,0.460608549
21,0.961245865
22,0.4891923
23,0.635567969
24,0.446492342
25,0.530979687
26,0.574141118
27,0.9825176
28,0.613886672
29,0.773476303
30,0.885534458
31,0.597080583
32,0.744184173
33,0.932630432
34,0.999155228
35,0.358630846
36,0.086870559
37,0.650504429
38,0.838259763
39,0.648201344
40,0.695617872
41,0.955469549
42,0.463538582