Species,Island Number,Chromosome,Start,End,Length (bp),Number of Genes,Gene IDs
Strongyloides ratti,1,SRv7_Chr1,224411,231921,7510,4,"g82,g83,g84,g85"
Strongyloides ratti,2,SRv7_Chr1,443395,449711,6316,4,"g150,g151,g152,g153"
Strongyloides ratti,3,SRv7_Chr1,1001431,1016422,14991,5,"g342,g343,g345,g346,g347"
Strongyloides ratti,4,SRv7_Chr1,1284872,1297011,12139,6,"g433,g434,g435,g436,g437,g438"
Strongyloides ratti,5,SRv7_Chr1,1498114,1508081,9967,4,"g492,g493,g494,g498"
Strongyloides ratti,6,SRv7_Chr1,1911108,1920206,9098,5,"g620,g621,g622,g623,g624"
Strongyloides ratti,7,SRv7_Chr1,5684857,5696680,11823,4,"g1882,g1885,g1886,g1887"
Strongyloides ratti,8,SRv7_Chr1,5706820,5722694,15874,5,"g1889,g1890,g1891,g1892,g1893"
Strongyloides ratti,9,SRv7_Chr1,5725941,5744268,18327,5,"g1895,g1896,g1897,g1898,g1900"
Strongyloides ratti,10,SRv7_Chr2,1525558,1535140,9582,5,"g4327,g4329,g4330,g4331,g4332"
Strongyloides ratti,11,SRv7_Chr2,2459156,2480094,20938,10,"g4646,g4647,g4648,g4649,g4650,g4651,g4652,g4653,g4654,g4655"
Strongyloides ratti,12,SRv7_Chr2,3864479,3929602,65123,31,"g5126,g5127,g5128,g5129,g5130,g5131,g5132,g5133,g5134,g5135,g5136,g5137,g5138,g5139,g5140,g5141,g5142,g5143,g5144,g5145,g5146,g5147,g5148,g5149,g5150,g5153,g5154,g5155,g5156,g5157,g5158"
Strongyloides ratti,13,SRv7_Chr2,4024771,4034383,9612,4,"g5192,g5193,g5194,g5195"
Strongyloides ratti,14,SRv7_Chr2,4740790,4758057,17267,6,"g5415,g5416,g5417,g5418,g5419,g5424"
Strongyloides ratti,15,SRv7_Chr2,9100854,9114982,14128,6,"g6829,g6831,g6832,g6833,g6834,g6835"
Strongyloides ratti,16,SRv7_Chr2,9121015,9164065,43050,14,"g6836,g6838,g6839,g6840,g6841,g6845,g6847,g6848,g6849,g6850,g6851,g6854,g6855,g6856"
Strongyloides ratti,17,SRv7_Chr2,14224623,14237218,12595,6,"g8523,g8524,g8525,g8526,g8527,g8528"
Strongyloides ratti,18,SRv7_Chr2,14255034,14266705,11671,4,"g8535,g8536,g8539,g8540"
Strongyloides ratti,19,SRv7_Chr2,14320761,14336299,15538,6,"g8557,g8558,g8560,g8561,g8562,g8563"
Strongyloides ratti,20,SRv7_Chr2,14409935,14419862,9927,4,"g8587,g8588,g8589,g8590"
Strongyloides ratti,21,SRv7_Chr2,14442698,14455895,13197,6,"g8601,g8602,g8603,g8607,g8608,g8609"
Strongyloides ratti,22,SRv7_Chr2,14497077,14509179,12102,6,"g8630,g8631,g8632,g8633,g8634,g8635"
Strongyloides ratti,23,SRv7_Chr2,14528166,14541457,13291,4,"g8637,g8639,g8640,g8641"
Strongyloides ratti,24,SRv7_Chr2,15522546,15536254,13708,4,"g8956,g8957,g8958,g8959"
Strongyloides ratti,25,SRv7_Chr2,15762765,15778438,15673,7,"g9030,g9031,g9032,g9033,g9034,g9035,g9036"
Strongyloides ratti,26,SRv7_Chr2,15867199,15876404,9205,4,"g9056,g9057,g9058,g9059"
Strongyloides ratti,27,SRv7_Chr2,15884235,15898672,14437,5,"g9060,g9061,g9062,g9063,g9064"
Strongyloides ratti,28,SRv7_Chr2,16127284,16138919,11635,4,"g9133,g9134,g9136,g9137"
Strongyloides ratti,29,SRv7_Chr2,16643417,16657527,14110,6,"g9299,g9300,g9301,g9302,g9304,g9305"
Strongyloides ratti,30,SRv7_Chr2,16686900,16717222,30322,7,"g9315,g9316,g9317,g9319,g9320,g9321,g9324"
Strongyloides ratti,31,SRv7_Chr2,16812895,16826433,13538,6,"g9348,g9349,g9350,g9352,g9353,g9354"
Strongyloides ratti,32,SRv7_Chr2,16891139,16906380,15241,8,"g9372,g9373,g9374,g9375,g9376,g9377,g9378,g9380"
Strongyloides ratti,33,SRv7_Chr2,17093498,17107239,13741,4,"g9450,g9451,g9452,g9453"
Strongyloides ratti,34,SRv7_ChrX1,565210,576324,11114,4,"g9777,g9778,g9780,g9781"
Strongyloides ratti,35,SRv7_ChrX1,703387,720248,16861,5,"g9811,g9812,g9813,g9814,g9815"
Strongyloides ratti,36,SRv7_ChrX1,1159192,1173232,14040,4,"g9927,g9928,g9929,g9931"
Strongyloides ratti,37,SRv7_ChrX1,2489107,2500356,11249,6,"g10211,g10212,g10213,g10214,g10215,g10216"
Strongyloides ratti,38,SRv7_ChrX1,3228079,3244574,16495,5,"g10340,g10341,g10342,g10343,g10344"
Strongyloides ratti,39,SRv7_ChrX2,466381,482018,15637,6,"g10752,g10753,g10754,g10755,g10756,g10757"
Strongyloides ratti,40,SRv7_ChrX2,6774750,6782074,7324,4,"g12030,g12031,g12032,g12033"
Strongyloides ratti,41,SRv7_ChrX2,7570759,7580295,9536,4,"g12193,g12195,g12196,g12197"
Strongyloides ratti,42,SRv7_ChrX2,8479946,8489293,9347,4,"g12340,g12341,g12342,g12343"
Strongyloides stercoralis,1,Ss_chr1,417475,432058,14583,7,"g154,g155,g156,g157,g158,g159,g160"
Strongyloides stercoralis,2,Ss_chr1,731837,744240,12403,6,"g257,g258,g259,g260,g261,g262"
Strongyloides stercoralis,3,Ss_chr1,1741663,1754822,13159,4,"g604,g605,g606,g607"
Strongyloides stercoralis,4,Ss_chr1,1804330,1812683,8353,4,"g627,g628,g631,g632"
Strongyloides stercoralis,5,Ss_chr1,2063848,2075574,11726,6,"g713,g714,g716,g718,g719,g720"
Strongyloides stercoralis,6,Ss_chr1,3150030,3167880,17850,7,"g1087,g1088,g1089,g1090,g1091,g1092,g1093"
Strongyloides stercoralis,7,Ss_chr1,5590771,5598538,7767,4,"g1927,g1928,g1929,g1931"
Strongyloides stercoralis,8,Ss_chr1,6661401,6667124,5723,4,"g2328,g2329,g2330,g2331"
Strongyloides stercoralis,9,Ss_chr1,9960514,9967424,6910,5,"g3413,g3414,g3415,g3416,g3417"
Strongyloides stercoralis,10,Ss_chr1,10889596,10898045,8449,4,"g3691,g3692,g3693,g3694"
Strongyloides stercoralis,11,Ss_chr1,11048875,11067307,18432,10,"g3739,g3740,g3741,g3742,g3745,g3746,g3747,g3748,g3749,g3750"
Strongyloides stercoralis,12,Ss_chr1,11118005,11133528,15523,5,"g3758,g3759,g3760,g3762,g3766"
Strongyloides stercoralis,13,Ss_chr2,244834,259827,14993,6,"g3970,g3971,g3972,g3973,g3974,g3977"
Strongyloides stercoralis,14,Ss_chr2,321939,326460,4521,4,"g3992,g3993,g3994,g3995"
Strongyloides stercoralis,15,Ss_chr2,662327,673448,11121,6,"g4103,g4104,g4106,g4107,g4108,g4109"
Strongyloides stercoralis,16,Ss_chr2,943800,960902,17102,7,"g4194,g4195,g4196,g4197,g4198,g4199,g4200"
Strongyloides stercoralis,17,Ss_chr2,973933,1027333,53400,18,"g4206,g4207,g4209,g4210,g4211,g4212,g4213,g4214,g4215,g4217,g4218,g4219,g4220,g4221,g4222,g4223,g4224,g4225"
Strongyloides stercoralis,18,Ss_chr2,1173376,1192174,18798,5,"g4279,g4281,g4282,g4283,g4284"
Strongyloides stercoralis,19,Ss_chr2,1429393,1449778,20385,8,"g4351,g4352,g4353,g4354,g4355,g4356,g4357,g4358"
Strongyloides stercoralis,20,Ss_chr2,1683267,1699306,16039,8,"g4430,g4431,g4432,g4433,g4434,g4435,g4436,g4437"
Strongyloides stercoralis,21,Ss_chr2,2543393,2551641,8248,4,"g4739,g4740,g4741,g4742"
Strongyloides stercoralis,22,Ss_chr2,2772418,2801108,28690,20,"g4822,g4823,g4824,g4825,g4826,g4827,g4828,g4829,g4830,g4831,g4832,g4833,g4834,g4835,g4836,g4837,g4838,g4839,g4840,g4841"
Strongyloides stercoralis,23,Ss_chr2,3014793,3044728,29935,10,"g4908,g4910,g4911,g4912,g4913,g4914,g4915,g4916,g4917,g4918"
Strongyloides stercoralis,24,Ss_chr2,3492599,3508626,16027,5,"g5079,g5081,g5082,g5083,g5084"
Strongyloides stercoralis,25,Ss_chr2,3875584,3882828,7244,4,"g5214,g5215,g5216,g5217"
Strongyloides stercoralis,26,Ss_chr2,3892437,3903592,11155,4,"g5221,g5222,g5223,g5224"
Strongyloides stercoralis,27,Ss_chr2,3909197,3933296,24099,8,"g5227,g5228,g5229,g5231,g5232,g5233,g5234,g5235"
Strongyloides stercoralis,28,Ss_chr2,3947124,3959719,12595,5,"g5239,g5240,g5241,g5242,g5244"
Strongyloides stercoralis,29,Ss_chr2,4122318,4139201,16883,5,"g5311,g5312,g5313,g5314,g5315"
Strongyloides stercoralis,30,Ss_chr2,6176857,6192719,15862,8,"g6017,g6018,g6019,g6021,g6022,g6023,g6024,g6025"
Strongyloides stercoralis,31,Ss_chr2,6797979,6805842,7863,5,"g6269,g6270,g6271,g6272,g6273"
Strongyloides stercoralis,32,Ss_chr2,7373674,7381768,8094,4,"g6463,g6464,g6465,g6466"
Strongyloides stercoralis,33,Ss_chr2,7593285,7610917,17632,6,"g6537,g6539,g6540,g6541,g6542,g6544"
Strongyloides stercoralis,34,Ss_chr2,10728117,10741394,13277,9,"g7579,g7580,g7581,g7582,g7583,g7584,g7585,g7586,g7587"
Strongyloides stercoralis,35,Ss_chr2,13249711,13263256,13545,4,"g8529,g8530,g8531,g8532"
Strongyloides stercoralis,36,Ss_chr2,13291299,13318609,27310,13,"g8537,g8538,g8539,g8540,g8541,g8542,g8543,g8546,g8548,g8549,g8550,g8551,g8552"
Strongyloides stercoralis,37,Ss_chr2,13331653,13344407,12754,4,"g8557,g8559,g8560,g8561"
Strongyloides stercoralis,38,Ss_chr2,13419479,13447017,27538,11,"g8583,g8584,g8585,g8586,g8587,g8588,g8589,g8590,g8592,g8593,g8594"
Strongyloides stercoralis,39,Ss_chr2,13525545,13532313,6768,5,"g8621,g8622,g8623,g8624,g8625"
Strongyloides stercoralis,40,Ss_chr2,13616331,13622658,6327,4,"g8665,g8668,g8669,g8670"
Strongyloides stercoralis,41,Ss_chr2,14103939,14112521,8582,4,"g8835,g8836,g8837,g8839"
Strongyloides stercoralis,42,Ss_chrX.2,45371,52158,6787,4,"g9719,g9720,g9721,g9722"
Strongyloides stercoralis,43,Ss_chrX.2,100606,110427,9821,4,"g9733,g9734,g9735,g9736"
Strongyloides stercoralis,44,Ss_chrX.2,756415,768092,11677,6,"g9898,g9899,g9900,g9901,g9902,g9904"
Strongyloides stercoralis,45,Ss_chrX.2,1033328,1056885,23557,9,"g9954,g9955,g9956,g9957,g9958,g9959,g9960,g9961,g9963"
Strongyloides stercoralis,46,Ss_chrX.2,1368770,1385344,16574,8,"g10019,g10020,g10021,g10022,g10023,g10024,g10025,g10026"
Strongyloides stercoralis,47,Ss_chrX.2,2253239,2275030,21791,9,"g10210,g10211,g10212,g10213,g10215,g10216,g10217,g10218,g10219"
Strongyloides stercoralis,48,Ss_chrX.2,2325015,2338830,13815,5,"g10229,g10230,g10231,g10232,g10233"
Strongyloides stercoralis,49,Ss_chrX.2,2804125,2812920,8795,4,"g10325,g10326,g10327,g10328"
Strongyloides stercoralis,50,Ss_chrX.2,4848131,4856618,8487,4,"g10672,g10673,g10674,g10675"
Strongyloides stercoralis,51,Ss_chrX.3,887209,913775,26566,9,"g10980,g10981,g10982,g10983,g10984,g10985,g10986,g10987,g10988"
Strongyloides stercoralis,52,Ss_chrX.3,916512,929059,12547,4,"g10989,g10990,g10991"
Strongyloides stercoralis,53,Ss_chrX.3,2213707,2235913,22206,9,"g11310,g11311,g11312,g11313,g11314,g11315,g11316,g11317,g11318"
Strongyloides stercoralis,54,Ss_chrX.3,2241887,2263703,21816,9,"g11320,g11321,g11322,g11323,g11325,g11326,g11327,g11328,g11329"
Strongyloides stercoralis,55,Ss_chrX.3,4189862,4203050,13188,4,"g11728,g11730,g11731,g11732"
Strongyloides stercoralis,56,Ss_chrX.3,4206922,4212372,5450,4,"g11734,g11735,g11736"
Strongyloides stercoralis,57,Ss_chrX.4,389082,431323,42241,17,"g12008,g12010,g12011,g12012,g12013,g12014,g12016,g12017,g12018,g12019,g12020,g12021,g12022,g12023,g12024,g12025,g12026"
Strongyloides stercoralis,58,Ss_chrX.5,467418,473843,6425,4,"g12277,g12278,g12279,g12280"
Strongyloides stercoralis,59,Ss_chrX.6,206187,215994,9807,5,"g12372,g12373,g12374,g12375,g12376"
Strongyloides stercoralis,60,Ss_chrX.6,285010,294845,9835,4,"g12392,g12393,g12394,g12395"
Strongyloides stercoralis,61,Ss_chrX.6,329903,342737,12834,5,"g12401,g12402,g12403,g12404,g12405"
Strongyloides stercoralis,62,Ss_chrX.6,444880,466073,21193,5,"g12434,g12435,g12436,g12437,g12438"
Strongyloides venezuelensis,1,SVENv4_Chr1,1411235,1455817,44582,6,"g340,g341,g342,g343,g344,g347"
Strongyloides venezuelensis,2,SVENv4_Chr1,8713985,8717321,3336,4,"g1999,g2000,g2001,g2002"
Strongyloides venezuelensis,3,SVENv4_Chr1,10333212,10345091,11879,4,"g2434,g2435,g2436,g2438"
Strongyloides venezuelensis,4,SVENv4_Chr1,10356839,10367569,10730,5,"g2444,g2445,g2447,g2448,g2449"
Strongyloides venezuelensis,5,SVENv4_Chr1,10502885,10514489,11604,4,"g2491,g2492,g2493,g2495"
Strongyloides venezuelensis,6,SVENv4_Chr1,11057265,11078118,20853,7,"g2689,g2690,g2692,g2694,g2695,g2697,g2699"
Strongyloides venezuelensis,7,SVENv4_Chr1,11346171,11354730,8559,4,"g2788,g2790,g2791,g2792"
Strongyloides venezuelensis,8,SVENv4_Chr1,11742393,11768144,25751,5,"g2914,g2915,g2916,g2917,g2920"
Strongyloides venezuelensis,9,SVENv4_Chr1,12108193,12127538,19345,4,"g3030,g3032,g3033,g3034"
Strongyloides venezuelensis,10,SVENv4_Chr1,14396984,14400600,3616,4,"g3614,g3615,g3616,g3617"
Strongyloides venezuelensis,11,SVENv4_Chr1,18687871,18704440,16569,5,"g4559,g4560,g4561,g4562,g4564"
Strongyloides venezuelensis,12,SVENv4_Chr1,20048597,20069132,20535,4,"g4778,g4779,g4781,g4782"
Strongyloides venezuelensis,13,SVENv4_Chr1,20086753,20097030,10277,4,"g4786,g4788,g4789,g4790"
Strongyloides venezuelensis,14,SVENv4_Chr1,20305639,20309213,3574,4,"g4835,g4836,g4837,g4838"
Strongyloides venezuelensis,15,SVENv4_Chr1,21563619,21574926,11307,4,"g5131,g5134,g5135,g5136"
Strongyloides venezuelensis,16,SVENv4_Chr1,22010638,22035246,24608,7,"g5235,g5236,g5237,g5239,g5240,g5244,g5247"
Strongyloides venezuelensis,17,SVENv4_Chr1,22137220,22160230,23010,4,"g5280,g5281,g5282,g5283"
Strongyloides venezuelensis,18,SVENv4_Chr1,22235460,22258242,22782,6,"g5304,g5306,g5307,g5308,g5309,g5311"
Strongyloides venezuelensis,19,SVENv4_Chr1,22420700,22427631,6931,4,"g5365,g5366,g5369,g5370"
Strongyloides venezuelensis,20,SVENv4_Chr1,22633028,22656681,23653,14,"g5437,g5439,g5440,g5441,g5442,g5444,g5445,g5446,g5448,g5449,g5450,g5451,g5452,g5453"
Strongyloides venezuelensis,21,SVENv4_Chr1,22706055,22713552,7497,4,"g5473,g5474,g5475,g5476"
Strongyloides venezuelensis,22,SVENv4_Chr1,22983068,22992925,9857,5,"g5548,g5549,g5550,g5551,g5552"
Strongyloides venezuelensis,23,SVENv4_Chr1,23070703,23092448,21745,10,"g5583,g5585,g5586,g5587,g5588,g5591,g5592,g5593,g5594,g5595"
Strongyloides venezuelensis,24,SVENv4_Chr1,23390209,23409218,19009,6,"g5693,g5695,g5697,g5698,g5701,g5702"
Strongyloides venezuelensis,25,SVENv4_Chr1,23603120,23608105,4985,4,"g5767,g5768,g5769,g5770"
Strongyloides venezuelensis,26,SVENv4_Chr1,23792796,23807171,14375,4,"g5827,g5828,g5831,g5832"
Strongyloides venezuelensis,27,SVENv4_Chr1,24374179,24379128,4949,4,"g5996,g5997,g5998,g6000"
Strongyloides venezuelensis,28,SVENv4_Chr1,24529722,24539698,9976,4,"g6038,g6039,g6040,g6041"
Strongyloides venezuelensis,29,SVENv4_Chr1,25533550,25549583,16033,4,"g6285,g6286,g6287,g6289"
Strongyloides venezuelensis,30,SVENv4_Chr1,26192663,26211737,19074,7,"g6457,g6459,g6462,g6463,g6465,g6468,g6469"
Strongyloides venezuelensis,31,SVENv4_Chr1,26832924,26843756,10832,5,"g6652,g6654,g6655,g6656,g6657"
Strongyloides venezuelensis,32,SVENv4_Chr1,26872797,26882030,9233,4,"g6672,g6673,g6674,g6675"
Strongyloides venezuelensis,33,SVENv4_Chr1,27488304,27515437,27133,9,"g6904,g6905,g6906,g6908,g6909,g6910,g6911,g6912,g6915"
Strongyloides venezuelensis,34,SVENv4_Chr1,29875599,29884912,9313,4,"g7797,g7798,g7802,g7803"
Strongyloides venezuelensis,35,SVENv4_Chr1,31055761,31064069,8308,4,"g8234,g8235,g8238,g8239"
Strongyloides venezuelensis,36,SVENv4_Chr2,300719,313901,13182,5,"g8368,g8369,g8370,g8371,g8372"
Strongyloides venezuelensis,37,SVENv4_Chr2,983957,1000080,16123,4,"g8557,g8560,g8562,g8563"
Strongyloides venezuelensis,38,SVENv4_Chr2,1012459,1035439,22980,8,"g8566,g8567,g8568,g8570,g8571,g8572,g8573,g8575"
Strongyloides venezuelensis,39,SVENv4_Chr2,1205116,1220062,14946,4,"g8649,g8652,g8655,g8656"
Strongyloides venezuelensis,40,SVENv4_Chr2,1238309,1254483,16174,7,"g8664,g8665,g8667,g8668,g8671,g8672,g8673"
Strongyloides venezuelensis,41,SVENv4_Chr2,1928404,1943202,14798,6,"g8854,g8855,g8856,g8857,g8858,g8863"
Strongyloides venezuelensis,42,SVENv4_Chr2,2280683,2286137,5454,4,"g8963,g8964,g8965,g8966"
Strongyloides venezuelensis,43,SVENv4_Chr2,2340583,2349259,8676,6,"g8983,g8985,g8986,g8987,g8988,g8989"
Strongyloides venezuelensis,44,SVENv4_Chr2,2408048,2433639,25591,4,"g9004,g9006,g9007,g9008"
Strongyloides venezuelensis,45,SVENv4_Chr2,3489303,3495788,6485,5,"g9335,g9336,g9337,g9339,g9340"
Strongyloides venezuelensis,46,SVENv4_Chr2,4934090,4940784,6694,4,"g9761,g9763,g9764,g9765"
Strongyloides venezuelensis,47,SVENv4_Chr2,5605289,5623263,17974,5,"g10002,g10003,g10005,g10006,g10009"
Strongyloides venezuelensis,48,SVENv4_Chr2,6756219,6768824,12605,4,"g10423,g10424,g10425,g10427"
Strongyloides venezuelensis,49,SVENv4_Chr2,6804837,6820067,15230,5,"g10441,g10442,g10443,g10445,g10448"
Strongyloides venezuelensis,50,SVENv4_Chr2,7221465,7233496,12031,5,"g10600,g10601,g10602,g10604,g10606"
Strongyloides venezuelensis,51,SVENv4_Chr2,10612678,10642187,29509,8,"g11793,g11794,g11795,g11796,g11800,g11801,g11802,g11803"
Strongyloides venezuelensis,52,SVENv4_Chr2,14282911,14312115,29204,9,"g13035,g13037,g13038,g13039,g13041,g13042,g13043,g13044,g13046"
Strongyloides venezuelensis,53,SVENv4_Chr2,14705060,14723012,17952,6,"g13169,g13171,g13172,g13173,g13174,g13176"
Strongyloides venezuelensis,54,SVENv4_Chr2,14799771,14805823,6052,4,"g13188,g13189,g13190,g13191"
Strongyloides venezuelensis,55,SVENv4_Chr2,16160326,16169749,9423,5,"g13652,g13653,g13654,g13655,g13656"
Strongyloides venezuelensis,56,SVENv4_Chr2,18227598,18242445,14847,4,"g14272,g14274,g14275,g14278"
Strongyloides venezuelensis,57,SVENv4_Chr2,18280829,18295548,14719,4,"g14285,g14286,g14287,g14289"
Strongyloides venezuelensis,58,SVENv4_Chr2,19406678,19419006,12328,6,"g14533,g14534,g14535,g14536,g14538,g14539"
Strongyloides venezuelensis,59,SVENv4_Chr2,19855845,19868156,12311,4,"g14657,g14658,g14659,g14660"
Strongyloides venezuelensis,60,SVENv4_Chr2,20253933,20283117,29184,5,"g14794,g14797,g14801,g14802,g14803"
Strongyloides venezuelensis,61,SVENv4_Chr2,20659553,20666858,7305,4,"g14923,g14924,g14925,g14926"
Strongyloides venezuelensis,62,SVENv4_Chr2,21960297,21977204,16907,4,"g15239,g15240,g15241,g15243"
Strongyloides venezuelensis,63,SVENv4_Chr2,24570874,24616922,46048,14,"g15881,g15882,g15883,g15884,g15887,g15888,g15889,g15890,g15891,g15892,g15893,g15894,g15896,g15897"
Strongyloides papillosus,1,SRSI01000007.1,16145,29928,13783,4,"g899,g900,g901,g903"
Strongyloides papillosus,2,SRSI01000007.1,51981,73199,21218,7,"g907,g908,g909,g910,g911,g912,g913"
Strongyloides papillosus,3,SRSI01000007.1,249053,263249,14196,4,"g951,g952,g953,g954"
Strongyloides papillosus,4,SRSI01000007.1,263576,308872,45296,15,"g955,g958,g959,g960,g961,g962,g963,g964,g965,g966,g967,g968,g969,g970,g971"
Strongyloides papillosus,5,SRSI01000009.1,449953,480246,30293,12,"g1233,g1236,g1237,g1238,g1239,g1240,g1241,g1242,g1243,g1244,g1245,g1246"
Strongyloides papillosus,6,SRSI01000009.1,781795,797787,15992,4,"g1346,g1348,g1349,g1350"
Strongyloides papillosus,7,SRSI01000010.1,672505,688123,15618,4,"g2153,g2155,g2156,g2159"
Strongyloides papillosus,8,SRSI01000010.1,1795110,1813818,18708,5,"g2542,g2543,g2544,g2545,g2548"
Strongyloides papillosus,9,SRSI01000010.1,2348383,2367280,18897,6,"g2749,g2750,g2751,g2753,g2754,g2757"
Strongyloides papillosus,10,SRSI01000011.1,25147,42767,17620,6,"g2915,g2916,g2917,g2918,g2919,g2920"
Strongyloides papillosus,11,SRSI01000012.1,4816,24643,19827,6,"g2994,g2995,g2996,g2997,g2998,g2999"
Strongyloides papillosus,12,SRSI01000013.1,1620664,1628869,8205,4,"g3476,g3477,g3478,g3479"
Strongyloides papillosus,13,SRSI01000014.1,175124,193720,18596,7,"g3570,g3571,g3572,g3573,g3574,g3575,g3577"
Strongyloides papillosus,14,SRSI01000014.1,299296,314798,15502,4,"g3601,g3602,g3603,g3604"
Strongyloides papillosus,15,SRSI01000017.1,428897,436245,7348,4,"g3746,g3747,g3748,g3749"
Strongyloides papillosus,16,SRSI01000017.1,457884,475885,18001,4,"g3758,g3759,g3760,g3761"
Strongyloides papillosus,17,SRSI01000019.1,1964,25905,23941,9,"g3858,g3860,g3861,g3863,g3864,g3865,g3867,g3868,g3869"
Strongyloides papillosus,18,SRSI01000019.1,158573,178261,19688,6,"g3886,g3888,g3889,g3890,g3891,g3893"
Strongyloides papillosus,19,SRSI01000019.1,698513,718619,20106,7,"g4005,g4006,g4007,g4008,g4009,g4010,g4011"
Strongyloides papillosus,20,SRSI01000027.1,244980,253116,8136,4,"g4588,g4589,g4590,g4591"
Strongyloides papillosus,21,SRSI01000030.1,131423,177681,46258,20,"g5149,g5150,g5151,g5152,g5153,g5154,g5155,g5156,g5157,g5158,g5159,g5161,g5162,g5163,g5164,g5165,g5166,g5167,g5168,g5169"
Strongyloides papillosus,22,SRSI01000030.1,302822,326238,23416,6,"g5207,g5210,g5213,g5214,g5215,g5216"
Strongyloides papillosus,23,SRSI01000033.1,2410,11181,8771,4,"g5548,g5549,g5550,g5551"
Strongyloides papillosus,24,SRSI01000033.1,74231,87982,13751,5,"g5557,g5558,g5559,g5560,g5561"
Strongyloides papillosus,25,SRSI01000035.1,402191,428315,26124,5,"g5706,g5707,g5708,g5709,g5713"
Strongyloides papillosus,26,SRSI01000035.1,456128,469074,12946,5,"g5721,g5722,g5723,g5724,g5725"
Strongyloides papillosus,27,SRSI01000035.1,597993,606927,8934,4,"g5757,g5758,g5759,g5761"
Strongyloides papillosus,28,SRSI01000035.1,884347,903958,19611,5,"g5807,g5808,g5809,g5810,g5811"
Strongyloides papillosus,29,SRSI01000042.1,93722,107028,13306,5,"g6189,g6190,g6191,g6192,g6193"
Strongyloides papillosus,30,SRSI01000042.1,118347,137497,19150,5,"g6195,g6196,g6197,g6198,g6199"
Strongyloides papillosus,31,SRSI01000042.1,182854,195074,12220,4,"g6210,g6212,g6213,g6214"
Strongyloides papillosus,32,SRSI01000043.1,684835,699342,14507,4,"g6404,g6406,g6407,g6408"
Strongyloides papillosus,33,SRSI01000044.1,888165,899597,11432,4,"g6602,g6603,g6604,g6605"
Strongyloides papillosus,34,SRSI01000046.1,1310873,1320284,9411,6,"g7144,g7145,g7146,g7147,g7148,g7149"
Strongyloides papillosus,35,SRSI01000048.1,231163,242455,11292,4,"g7281,g7283,g7284,g7285"
Strongyloides papillosus,36,SRSI01000048.1,1469827,1482002,12175,4,"g7668,g7672,g7673,g7674"
Strongyloides papillosus,37,SRSI01000049.1,341711,367641,25930,8,"g8004,g8006,g8007,g8009,g8010,g8011,g8013,g8014"
Strongyloides papillosus,38,SRSI01000049.1,458263,473468,15205,5,"g8039,g8040,g8041,g8042,g8044"
Strongyloides papillosus,39,SRSI01000049.1,538947,551559,12612,4,"g8063,g8064,g8065,g8066"
Strongyloides papillosus,40,SRSI01000050.1,95346,108172,12826,6,"g8094,g8095,g8096,g8097,g8098,g8099"
Strongyloides papillosus,41,SRSI01000050.1,323533,337696,14163,4,"g8152,g8153,g8155,g8158"
Strongyloides papillosus,42,SRSI01000050.1,714561,728665,14104,4,"g8268,g8270,g8272,g8273"
Strongyloides papillosus,43,SRSI01000050.1,815873,828385,12512,4,"g8297,g8298,g8300,g8301"
Strongyloides papillosus,44,SRSI01000050.1,1647630,1686565,38935,12,"g8543,g8544,g8546,g8547,g8550,g8551,g8552,g8553,g8554,g8557,g8558,g8559"
Strongyloides papillosus,45,SRSI01000050.1,2116891,2123602,6711,4,"g8679,g8680,g8681,g8682"
Strongyloides papillosus,46,SRSI01000050.1,2451219,2457306,6087,4,"g8770,g8771,g8772,g8773"
Strongyloides papillosus,47,SRSI01000050.1,2540796,2553934,13138,4,"g8792,g8795,g8796,g8797"
Strongyloides papillosus,48,SRSI01000050.1,3049964,3065848,15884,5,"g8945,g8946,g8947,g8948,g8951"
Strongyloides papillosus,49,SRSI01000050.1,3685984,3700679,14695,6,"g9138,g9139,g9140,g9141,g9142,g9143"
Strongyloides papillosus,50,SRSI01000050.1,4037952,4050031,12079,4,"g9242,g9243,g9244,g9245"
Strongyloides papillosus,51,SRSI01000050.1,4437082,4458150,21068,9,"g9383,g9384,g9385,g9386,g9387,g9388,g9389,g9390,g9391"
Strongyloides papillosus,52,SRSI01000050.1,4653445,4668339,14894,5,"g9447,g9452,g9453,g9454,g9455"
Strongyloides papillosus,53,SRSI01000050.1,4814527,4832572,18045,6,"g9486,g9488,g9489,g9490,g9491,g9492"
Strongyloides papillosus,54,SRSI01000050.1,4852722,4870239,17517,6,"g9499,g9500,g9501,g9503,g9504,g9506"
Strongyloides papillosus,55,SRSI01000051.1,132284,146679,14395,6,"g9523,g9524,g9525,g9526,g9527,g9528"
Strongyloides papillosus,56,SRSI01000055.1,515740,525741,10001,4,"g9943,g9944,g9945,g9946"
Strongyloides papillosus,57,SRSI01000062.1,182183,194326,12143,5,"g10423,g10424,g10426,g10427,g10428"
Strongyloides papillosus,58,SRSI01000066.1,206839,215484,8645,4,"g10539,g10540,g10543,g10544"
Strongyloides papillosus,59,SRSI01000068.1,48989,57049,8060,4,"g10830,g10831,g10832,g10833"
Strongyloides papillosus,60,SRSI01000068.1,536335,565921,29586,11,"g10987,g10988,g10989,g10990,g10991,g10992,g10993,g10994,g10997,g10998,g10999"
Strongyloides papillosus,61,SRSI01000068.1,675581,700605,25024,7,"g11047,g11050,g11051,g11052,g11055,g11056,g11059"
Strongyloides papillosus,62,SRSI01000069.1,472922,491904,18982,7,"g11327,g11328,g11329,g11330,g11331,g11332,g11334"
Strongyloides papillosus,63,SRSI01000070.1,61842,78065,16223,7,"g11358,g11359,g11360,g11361,g11362,g11363,g11364"
Strongyloides papillosus,64,SRSI01000073.1,51540,75818,24278,8,"g11659,g11660,g11661,g11662,g11664,g11665,g11667,g11668"
Strongyloides papillosus,65,SRSI01000073.1,458536,475767,17231,5,"g11779,g11780,g11781,g11782,g11783"
Strongyloides papillosus,66,SRSI01000073.1,1120093,1137148,17055,4,"g11913,g11915,g11916,g11917"
Strongyloides papillosus,67,SRSI01000079.1,964886,978615,13729,5,"g13625,g13626,g13627,g13628,g13629"
Strongyloides papillosus,68,SRSI01000079.1,1259883,1268206,8323,4,"g13704,g13705,g13706,g13707"
Strongyloides papillosus,69,SRSI01000079.1,1432678,1447463,14785,8,"g13749,g13751,g13752,g13753,g13754,g13756,g13757,g13758"
Strongyloides papillosus,70,SRSI01000079.1,1459802,1469776,9974,4,"g13761,g13762,g13767,g13768"
Heterodera glycines,1,Chromosome_1,15668444,15720242,51798,7,"gene:Hetgly07693,gene:Hetgly07694,gene:Hetgly07697,gene:Hetgly07701,gene:Hetgly07702,gene:Hetgly07704,gene:Hetgly07705"
Heterodera glycines,2,Chromosome_1,15764434,15799682,35248,4,"gene:Hetgly07716,gene:Hetgly07717,gene:Hetgly07718,gene:Hetgly07719"
Heterodera glycines,3,Chromosome_1,15849282,15882604,33322,5,"gene:Hetgly07728,gene:Hetgly07729,gene:Hetgly07731,gene:Hetgly07732,gene:Hetgly07734"
Heterodera glycines,4,Chromosome_1,16168938,16183977,15039,4,"gene:Hetgly07799,gene:Hetgly07801,gene:Hetgly07802,gene:Hetgly07803"
Heterodera glycines,5,Chromosome_1,17232973,17256657,23684,5,"gene:Hetgly07953,gene:Hetgly07954,gene:Hetgly07955,gene:Hetgly07956,gene:Hetgly07957"
Heterodera glycines,6,Chromosome_1,18656963,18721195,64232,4,"gene:Hetgly08165,gene:Hetgly08166,gene:Hetgly08167,gene:Hetgly08172"
Heterodera glycines,7,Chromosome_1,22276500,22312142,35642,5,"gene:Hetgly08680,gene:Hetgly08681,gene:Hetgly08682,gene:Hetgly08683,gene:Hetgly08684"
Heterodera glycines,8,Chromosome_1,22670266,22700777,30511,7,"gene:Hetgly08731,gene:Hetgly08732,gene:Hetgly08733,gene:Hetgly08734,gene:Hetgly08737,gene:Hetgly08738,gene:Hetgly08739"
Heterodera glycines,9,Chromosome_1,22729438,22760976,31538,5,"gene:Hetgly08745,gene:Hetgly08748,gene:Hetgly08749,gene:Hetgly08751,gene:Hetgly08752"
Heterodera glycines,10,Chromosome_1,22844602,22863323,18721,4,"gene:Hetgly08765,gene:Hetgly08766,gene:Hetgly08767,gene:Hetgly08768"
Heterodera glycines,11,Chromosome_1,22943967,22977209,33242,5,"gene:Hetgly08774,gene:Hetgly08775,gene:Hetgly08776,gene:Hetgly08779,gene:Hetgly08782"
Heterodera glycines,12,Chromosome_1,23191331,23201049,9718,5,"gene:Hetgly08816,gene:Hetgly08817,gene:Hetgly08818,gene:Hetgly08819,gene:Hetgly08820"
Heterodera glycines,13,Chromosome_2,954362,989105,34743,8,"gene:Hetgly09084,gene:Hetgly09088,gene:Hetgly09089,gene:Hetgly09090,gene:Hetgly09091,gene:Hetgly09092,gene:Hetgly09093,gene:Hetgly09094"
Heterodera glycines,14,Chromosome_2,1316976,1340553,23577,5,"gene:Hetgly09140,gene:Hetgly09141,gene:Hetgly09142,gene:Hetgly09143,gene:Hetgly09147"
Heterodera glycines,15,Chromosome_2,2983084,3031508,48424,8,"gene:Hetgly09363,gene:Hetgly09365,gene:Hetgly09366,gene:Hetgly09367,gene:Hetgly09368,gene:Hetgly09369,gene:Hetgly09370,gene:Hetgly09371"
Heterodera glycines,16,Chromosome_2,7548470,7580223,31753,5,"gene:Hetgly10376,gene:Hetgly10378,gene:Hetgly10380,gene:Hetgly10381,gene:Hetgly10382"
Heterodera glycines,17,Chromosome_2,8523429,8543022,19593,4,"gene:Hetgly10577,gene:Hetgly10579,gene:Hetgly10580,gene:Hetgly10582"
Heterodera glycines,18,Chromosome_2,16161205,16168121,6916,4,"gene:Hetgly11262,gene:Hetgly11263,gene:Hetgly11264,gene:Hetgly11265"
Heterodera glycines,19,Chromosome_3,15826386,15892677,66291,4,"gene:Hetgly05184,gene:Hetgly05185,gene:Hetgly05186,gene:Hetgly05187"
Heterodera glycines,20,Chromosome_3,16658151,16701148,42997,4,"gene:Hetgly05284,gene:Hetgly05286,gene:Hetgly05289,gene:Hetgly05291"
Heterodera glycines,21,Chromosome_3,16672636,16699515,26879,4,"gene:Hetgly05287,gene:Hetgly05288,gene:Hetgly05289,gene:Hetgly05290"
Heterodera glycines,22,Chromosome_4,10937196,10962433,25237,4,"gene:Hetgly13462,gene:Hetgly13466,gene:Hetgly13468,gene:Hetgly13469"
Heterodera glycines,23,Chromosome_4,11212669,11243428,30759,4,"gene:Hetgly13520,gene:Hetgly13521,gene:Hetgly13522,gene:Hetgly13523"
Heterodera glycines,24,Chromosome_4,12006262,12055673,49411,6,"gene:Hetgly13643,gene:Hetgly13644,gene:Hetgly13646,gene:Hetgly13647,gene:Hetgly13648,gene:Hetgly13649"
Heterodera glycines,25,Chromosome_4,12341753,12381847,40094,8,"gene:Hetgly13690,gene:Hetgly13693,gene:Hetgly13694,gene:Hetgly13695,gene:Hetgly13696,gene:Hetgly13697,gene:Hetgly13699,gene:Hetgly13700"
Heterodera glycines,26,Chromosome_4,16953881,16981205,27324,5,"gene:Hetgly14084,gene:Hetgly14086,gene:Hetgly14088,gene:Hetgly14089,gene:Hetgly14091"
Heterodera glycines,27,Chromosome_5,3297835,3327809,29974,4,"gene:Hetgly00500,gene:Hetgly00501,gene:Hetgly00502,gene:Hetgly00506"
Heterodera glycines,28,Chromosome_5,4241947,4268725,26778,4,"gene:Hetgly00608,gene:Hetgly00609,gene:Hetgly00610,gene:Hetgly00612"
Heterodera glycines,29,Chromosome_5,4539756,4569087,29331,6,"gene:Hetgly00660,gene:Hetgly00661,gene:Hetgly00662,gene:Hetgly00664,gene:Hetgly00665,gene:Hetgly00666"
Heterodera glycines,30,Chromosome_5,11787582,11806603,19021,4,"gene:Hetgly02084,gene:Hetgly02085,gene:Hetgly02086,gene:Hetgly02087"
Heterodera glycines,31,Chromosome_5,15643127,15663970,20843,4,"gene:Hetgly02659,gene:Hetgly02660,gene:Hetgly02661,gene:Hetgly02664"
Heterodera glycines,32,Chromosome_5,15701316,15732557,31241,7,"gene:Hetgly02675,gene:Hetgly02676,gene:Hetgly02677,gene:Hetgly02678,gene:Hetgly02680,gene:Hetgly02681,gene:Hetgly02682"
Heterodera glycines,33,Chromosome_5,16127327,16157986,30659,4,"gene:Hetgly02747,gene:Hetgly02748,gene:Hetgly02750,gene:Hetgly02754"
Heterodera glycines,34,Chromosome_6,1665201,1688841,23640,4,"gene:Hetgly14410,gene:Hetgly14412,gene:Hetgly14413,gene:Hetgly14417"
Heterodera glycines,35,Chromosome_6,4629338,4648737,19399,5,"gene:Hetgly14775,gene:Hetgly14776,gene:Hetgly14777,gene:Hetgly14779,gene:Hetgly14780"
Heterodera glycines,36,Chromosome_6,5139368,5168645,29277,5,"gene:Hetgly14850,gene:Hetgly14851,gene:Hetgly14855,gene:Hetgly14856,gene:Hetgly14859"
Heterodera glycines,37,Chromosome_6,5246414,5270857,24443,4,"gene:Hetgly14865,gene:Hetgly14866,gene:Hetgly14867,gene:Hetgly14871"
Heterodera glycines,38,Chromosome_6,6353061,6375031,21970,4,"gene:Hetgly15045,gene:Hetgly15046,gene:Hetgly15047,gene:Hetgly15049"
Heterodera glycines,39,Chromosome_7,1000670,1058453,57783,5,"gene:Hetgly16809,gene:Hetgly16814,gene:Hetgly16815,gene:Hetgly16816,gene:Hetgly16817"
Heterodera glycines,40,Chromosome_7,2208491,2229223,20732,4,"gene:Hetgly16956,gene:Hetgly16957,gene:Hetgly16959,gene:Hetgly16961"
Heterodera glycines,41,Chromosome_7,2292611,2314700,22089,9,"gene:Hetgly16972,gene:Hetgly16973,gene:Hetgly16974,gene:Hetgly16975,gene:Hetgly16976,gene:Hetgly16977,gene:Hetgly16978,gene:Hetgly16979,gene:Hetgly16981"
Heterodera glycines,42,Chromosome_7,2331865,2388455,56590,10,"gene:Hetgly16985,gene:Hetgly16987,gene:Hetgly16988,gene:Hetgly16989,gene:Hetgly16991,gene:Hetgly16993,gene:Hetgly16995,gene:Hetgly16996,gene:Hetgly17000,gene:Hetgly17001"
Heterodera glycines,43,Chromosome_7,2414204,2492775,78571,6,"gene:Hetgly17006,gene:Hetgly17007,gene:Hetgly17008,gene:Hetgly17009,gene:Hetgly17011,gene:Hetgly17020"
Heterodera glycines,44,Chromosome_7,2449115,2485768,36653,6,"gene:Hetgly17013,gene:Hetgly17014,gene:Hetgly17015,gene:Hetgly17016,gene:Hetgly17017,gene:Hetgly17019"
Heterodera glycines,45,Chromosome_7,10906900,10923590,16690,4,"gene:Hetgly18404,gene:Hetgly18407,gene:Hetgly18408,gene:Hetgly18409"
Heterodera glycines,46,Chromosome_8,11567075,11599119,32044,4,"gene:Hetgly22355,gene:Hetgly22356,gene:Hetgly22359,gene:Hetgly22362"
Heterodera glycines,47,Chromosome_9,7908441,7928707,20266,5,"gene:Hetgly20244,gene:Hetgly20245,gene:Hetgly20247,gene:Hetgly20248,gene:Hetgly20249"
Heterodera glycines,48,Chromosome_9,9583708,9590579,6871,4,"gene:Hetgly20476,gene:Hetgly20477,gene:Hetgly20478,gene:Hetgly20479"
Heterodera schachtii,1,Hsc_scaff001,1416182,1439470,23288,4,"gene:Hsc_gene_9835,gene:Hsc_gene_9836,gene:Hsc_gene_9837,gene:Hsc_gene_9841"
Heterodera schachtii,2,Hsc_scaff001,1958390,1984649,26259,5,"gene:Hsc_gene_9924,gene:Hsc_gene_9925,gene:Hsc_gene_9926,gene:Hsc_gene_9927,gene:Hsc_gene_9928"
Heterodera schachtii,3,Hsc_scaff003,731581,762984,31403,4,"gene:Hsc_gene_8416,gene:Hsc_gene_8419,gene:Hsc_gene_8420,gene:Hsc_gene_8421"
Heterodera schachtii,4,Hsc_scaff003,1480916,1505735,24819,5,"gene:Hsc_gene_8526,gene:Hsc_gene_8528,gene:Hsc_gene_8529,gene:Hsc_gene_8531,gene:Hsc_gene_8532"
Heterodera schachtii,5,Hsc_scaff005,1596441,1605555,9114,4,"gene:Hsc_gene_18019,gene:Hsc_gene_18020,gene:Hsc_gene_18022,gene:Hsc_gene_18023"
Heterodera schachtii,6,Hsc_scaff006,1802910,1820649,17739,4,"gene:Hsc_gene_25497,gene:Hsc_gene_25499,gene:Hsc_gene_25501,gene:Hsc_gene_25502"
Heterodera schachtii,7,Hsc_scaff008,580903,604765,23862,5,"gene:Hsc_gene_4278,gene:Hsc_gene_4280,gene:Hsc_gene_4281,gene:Hsc_gene_4282,gene:Hsc_gene_4284"
Heterodera schachtii,8,Hsc_scaff008,1072738,1095906,23168,4,"gene:Hsc_gene_4412,gene:Hsc_gene_4414,gene:Hsc_gene_4415,gene:Hsc_gene_4418"
Heterodera schachtii,9,Hsc_scaff010,676177,687689,11512,4,"gene:Hsc_gene_13965,gene:Hsc_gene_13966,gene:Hsc_gene_13968,gene:Hsc_gene_13969"
Heterodera schachtii,10,Hsc_scaff012,1114184,1154153,39969,5,"gene:Hsc_gene_16702,gene:Hsc_gene_16705,gene:Hsc_gene_16706,gene:Hsc_gene_16708,gene:Hsc_gene_16711"
Heterodera schachtii,11,Hsc_scaff012,1199151,1211793,12642,4,"gene:Hsc_gene_16721,gene:Hsc_gene_16722,gene:Hsc_gene_16723,gene:Hsc_gene_16724"
Heterodera schachtii,12,Hsc_scaff015,1261166,1290395,29229,7,"gene:Hsc_gene_15366,gene:Hsc_gene_15367,gene:Hsc_gene_15368,gene:Hsc_gene_15369,gene:Hsc_gene_15370,gene:Hsc_gene_15372,gene:Hsc_gene_15375"
Heterodera schachtii,13,Hsc_scaff016,764829,782925,18096,4,"gene:Hsc_gene_21639,gene:Hsc_gene_21640,gene:Hsc_gene_21642,gene:Hsc_gene_21644"
Heterodera schachtii,14,Hsc_scaff016,1539948,1563975,24027,4,"gene:Hsc_gene_21821,gene:Hsc_gene_21824,gene:Hsc_gene_21825,gene:Hsc_gene_21827"
Heterodera schachtii,15,Hsc_scaff019,190220,214690,24470,6,"gene:Hsc_gene_15961,gene:Hsc_gene_15962,gene:Hsc_gene_15963,gene:Hsc_gene_15964,gene:Hsc_gene_15965,gene:Hsc_gene_15969"
Heterodera schachtii,16,Hsc_scaff020,993474,1010523,17049,4,"gene:Hsc_gene_17161,gene:Hsc_gene_17162,gene:Hsc_gene_17164,gene:Hsc_gene_17166"
Heterodera schachtii,17,Hsc_scaff021,852624,883973,31349,11,"gene:Hsc_gene_19127,gene:Hsc_gene_19128,gene:Hsc_gene_19129,gene:Hsc_gene_19130,gene:Hsc_gene_19131,gene:Hsc_gene_19136,gene:Hsc_gene_19141,gene:Hsc_gene_19142,gene:Hsc_gene_19143,gene:Hsc_gene_19144,gene:Hsc_gene_19145"
Heterodera schachtii,18,Hsc_scaff021,906944,945381,38437,5,"gene:Hsc_gene_19151,gene:Hsc_gene_19154,gene:Hsc_gene_19155,gene:Hsc_gene_19156,gene:Hsc_gene_19158"
Heterodera schachtii,19,Hsc_scaff022,1219776,1236124,16348,5,"gene:Hsc_gene_9317,gene:Hsc_gene_9318,gene:Hsc_gene_9319,gene:Hsc_gene_9321,gene:Hsc_gene_9322"
Heterodera schachtii,20,Hsc_scaff023,601033,621025,19992,4,"gene:Hsc_gene_23293,gene:Hsc_gene_23295,gene:Hsc_gene_23297,gene:Hsc_gene_23298"
Heterodera schachtii,21,Hsc_scaff023,1081643,1106632,24989,5,"gene:Hsc_gene_23377,gene:Hsc_gene_23379,gene:Hsc_gene_23380,gene:Hsc_gene_23382,gene:Hsc_gene_23384"
Heterodera schachtii,22,Hsc_scaff023,1151643,1205109,53466,11,"gene:Hsc_gene_23396,gene:Hsc_gene_23400,gene:Hsc_gene_23403,gene:Hsc_gene_23404,gene:Hsc_gene_23409,gene:Hsc_gene_23411,gene:Hsc_gene_23412,gene:Hsc_gene_23413,gene:Hsc_gene_23414,gene:Hsc_gene_23415,gene:Hsc_gene_23417"
Heterodera schachtii,23,Hsc_scaff023,1287166,1310655,23489,7,"gene:Hsc_gene_23441,gene:Hsc_gene_23443,gene:Hsc_gene_23445,gene:Hsc_gene_23446,gene:Hsc_gene_23447,gene:Hsc_gene_23449,gene:Hsc_gene_23450"
Heterodera schachtii,24,Hsc_scaff023,1336252,1364680,28428,7,"gene:Hsc_gene_23460,gene:Hsc_gene_23462,gene:Hsc_gene_23464,gene:Hsc_gene_23466,gene:Hsc_gene_23468,gene:Hsc_gene_23469,gene:Hsc_gene_23470"
Heterodera schachtii,25,Hsc_scaff025,992244,1023363,31119,7,"gene:Hsc_gene_19460,gene:Hsc_gene_19461,gene:Hsc_gene_19462,gene:Hsc_gene_19463,gene:Hsc_gene_19464,gene:Hsc_gene_19465,gene:Hsc_gene_19466"
Heterodera schachtii,26,Hsc_scaff032,27087,38489,11402,5,"gene:Hsc_gene_25944,gene:Hsc_gene_25945,gene:Hsc_gene_25946,gene:Hsc_gene_25947,gene:Hsc_gene_25948"
Heterodera schachtii,27,Hsc_scaff032,632359,643143,10784,5,"gene:Hsc_gene_26063,gene:Hsc_gene_26064,gene:Hsc_gene_26065,gene:Hsc_gene_26067,gene:Hsc_gene_26068"
Heterodera schachtii,28,Hsc_scaff032,1069951,1084494,14543,6,"gene:Hsc_gene_26147,gene:Hsc_gene_26148,gene:Hsc_gene_26150,gene:Hsc_gene_26151,gene:Hsc_gene_26152,gene:Hsc_gene_26153"
Heterodera schachtii,29,Hsc_scaff032,1110321,1128920,18599,9,"gene:Hsc_gene_26158,gene:Hsc_gene_26159,gene:Hsc_gene_26160,gene:Hsc_gene_26161,gene:Hsc_gene_26162,gene:Hsc_gene_26163,gene:Hsc_gene_26165,gene:Hsc_gene_26166,gene:Hsc_gene_26168"
Heterodera schachtii,30,Hsc_scaff032,1200341,1225327,24986,6,"gene:Hsc_gene_26185,gene:Hsc_gene_26187,gene:Hsc_gene_26188,gene:Hsc_gene_26189,gene:Hsc_gene_26190,gene:Hsc_gene_26192"
Heterodera schachtii,31,Hsc_scaff032,1299667,1313025,13358,4,"gene:Hsc_gene_26210,gene:Hsc_gene_26212,gene:Hsc_gene_26214,gene:Hsc_gene_26215"
Heterodera schachtii,32,Hsc_scaff035,747992,790551,42559,7,"gene:Hsc_gene_14402,gene:Hsc_gene_14403,gene:Hsc_gene_14404,gene:Hsc_gene_14407,gene:Hsc_gene_14408,gene:Hsc_gene_14409,gene:Hsc_gene_14411"
Heterodera schachtii,33,Hsc_scaff037,948526,954869,6343,4,"gene:Hsc_gene_21388,gene:Hsc_gene_21389,gene:Hsc_gene_21390,gene:Hsc_gene_21391"
Heterodera schachtii,34,Hsc_scaff050,436978,448592,11614,4,"gene:Hsc_gene_23757,gene:Hsc_gene_23758,gene:Hsc_gene_23759,gene:Hsc_gene_23761"
Heterodera schachtii,35,Hsc_scaff050,670382,688512,18130,4,"gene:Hsc_gene_23825,gene:Hsc_gene_23827,gene:Hsc_gene_23828,gene:Hsc_gene_23831"
Heterodera schachtii,36,Hsc_scaff050,813366,825324,11958,4,"gene:Hsc_gene_23851,gene:Hsc_gene_23852,gene:Hsc_gene_23853,gene:Hsc_gene_23854"
Heterodera schachtii,37,Hsc_scaff050,843751,858851,15100,4,"gene:Hsc_gene_23856,gene:Hsc_gene_23857,gene:Hsc_gene_23858,gene:Hsc_gene_23859"
Heterodera schachtii,38,Hsc_scaff056,883835,900334,16499,6,"gene:Hsc_gene_8054,gene:Hsc_gene_8056,gene:Hsc_gene_8058,gene:Hsc_gene_8059,gene:Hsc_gene_8060,gene:Hsc_gene_8061"
Heterodera schachtii,39,Hsc_scaff062,329346,333815,4469,4,"gene:Hsc_gene_11260,gene:Hsc_gene_11261,gene:Hsc_gene_11262,gene:Hsc_gene_11263"
Heterodera schachtii,40,Hsc_scaff062,373116,379315,6199,4,"gene:Hsc_gene_11270,gene:Hsc_gene_11271,gene:Hsc_gene_11272,gene:Hsc_gene_11273"
Heterodera schachtii,41,Hsc_scaff063,637298,670735,33437,5,"gene:Hsc_gene_13375,gene:Hsc_gene_13377,gene:Hsc_gene_13378,gene:Hsc_gene_13379,gene:Hsc_gene_13382"
Heterodera schachtii,42,Hsc_scaff066,649834,677462,27628,5,"gene:Hsc_gene_7882,gene:Hsc_gene_7883,gene:Hsc_gene_7884,gene:Hsc_gene_7885,gene:Hsc_gene_7888"
Heterodera schachtii,43,Hsc_scaff075,409518,429726,20208,5,"gene:Hsc_gene_26329,gene:Hsc_gene_26331,gene:Hsc_gene_26333,gene:Hsc_gene_26335,gene:Hsc_gene_26336"
Heterodera schachtii,44,Hsc_scaff075,568074,578372,10298,4,"gene:Hsc_gene_26377,gene:Hsc_gene_26378,gene:Hsc_gene_26379,gene:Hsc_gene_26381"
Heterodera schachtii,45,Hsc_scaff126,349956,371975,22019,6,"gene:Hsc_gene_1512,gene:Hsc_gene_1514,gene:Hsc_gene_1515,gene:Hsc_gene_1517,gene:Hsc_gene_1519,gene:Hsc_gene_1521"
Heterodera schachtii,46,Hsc_scaff145,304916,315435,10519,4,"gene:Hsc_gene_15932,gene:Hsc_gene_15933,gene:Hsc_gene_15934,gene:Hsc_gene_15935"
Heterodera schachtii,47,Hsc_scaff157,64736,108115,43379,5,"gene:Hsc_gene_22511,gene:Hsc_gene_22513,gene:Hsc_gene_22514,gene:Hsc_gene_22515,gene:Hsc_gene_22519"
Heterodera schachtii,48,Hsc_scaff166,97777,114195,16418,4,"gene:Hsc_gene_11576,gene:Hsc_gene_11577,gene:Hsc_gene_11578,gene:Hsc_gene_11579"
Heterodera schachtii,49,Hsc_scaff175,98076,113430,15354,5,"gene:Hsc_gene_23662,gene:Hsc_gene_23663,gene:Hsc_gene_23666,gene:Hsc_gene_23667,gene:Hsc_gene_23668"
Meloidogyne arenaria,1,Ma3n_Chr_15,4764638,4775435,10797,5,"Ma3n_00625,Ma3n_00626,Ma3n_00627,Ma3n_00628,Ma3n_00630"
Meloidogyne arenaria,2,Ma3n_Chr_22,838379,845472,7093,4,"Ma3n_03303,Ma3n_03304,Ma3n_03305,Ma3n_03306"
Meloidogyne arenaria,3,Ma3n_Chr_24,3141190,3153118,11928,4,"Ma3n_07669,Ma3n_07670,Ma3n_07671,Ma3n_07672"
Meloidogyne arenaria,4,Ma3n_Chr_32,2317273,2326579,9306,4,"Ma3n_10207,Ma3n_10208,Ma3n_10209,Ma3n_10210"
Meloidogyne arenaria,5,Ma3n_Chr_16,1505855,1515787,9932,4,"Ma3n_10650,Ma3n_10651,Ma3n_10652,Ma3n_10654"
Meloidogyne arenaria,6,Ma3n_Chr_16,2240394,2258506,18112,5,"Ma3n_10862,Ma3n_10864,Ma3n_10865,Ma3n_10866,Ma3n_10867"
Meloidogyne arenaria,7,Ma3n_Chr_16,2294901,2305437,10536,4,"Ma3n_10875,Ma3n_10876,Ma3n_10877,Ma3n_10878"
Meloidogyne arenaria,8,Ma3n_Chr_26,3016688,3025208,8520,4,"Ma3n_13595,Ma3n_13596,Ma3n_13597,Ma3n_13598"
Meloidogyne arenaria,9,Ma3n_Chr_14,284428,311962,27534,8,"Ma3n_13830,Ma3n_13831,Ma3n_13832,Ma3n_13833,Ma3n_13834,Ma3n_13835,Ma3n_13836,Ma3n_13837"
Meloidogyne arenaria,10,Ma3n_Chr_14,3110332,3140377,30045,7,"Ma3n_14457,Ma3n_14460,Ma3n_14461,Ma3n_14462,Ma3n_14463,Ma3n_14464,Ma3n_14467"
Meloidogyne arenaria,11,Ma3n_Chr_09,1002072,1015341,13269,4,"Ma3n_15756,Ma3n_15757,Ma3n_15758,Ma3n_15759"
Meloidogyne arenaria,12,Ma3n_Chr_09,1806958,1816909,9951,4,"Ma3n_15962,Ma3n_15964,Ma3n_15965,Ma3n_15966"
Meloidogyne arenaria,13,Ma3n_Chr_10,1428839,1435292,6453,4,"Ma3n_17537,Ma3n_17538,Ma3n_17539,Ma3n_17540"
Meloidogyne arenaria,14,Ma3n_Chr_08,1382535,1398580,16045,5,"Ma3n_19190,Ma3n_19192,Ma3n_19193,Ma3n_19194,Ma3n_19197"
Meloidogyne arenaria,15,Ma3n_Chr_13,469102,475710,6608,4,"Ma3n_20519,Ma3n_20520,Ma3n_20521,Ma3n_20522"
Meloidogyne arenaria,16,Ma3n_Chr_13,3905055,3911466,6411,5,"Ma3n_21302,Ma3n_21303,Ma3n_21304,Ma3n_21305,Ma3n_21306"
Meloidogyne arenaria,17,Ma3n_Chr_13,6217970,6259202,41232,9,"Ma3n_21782,Ma3n_21783,Ma3n_21784,Ma3n_21785,Ma3n_21788,Ma3n_21790,Ma3n_21791,Ma3n_21792,Ma3n_21793"
Meloidogyne arenaria,18,Ma3n_Chr_31,1897667,1902908,5241,4,"Ma3n_22269,Ma3n_22270,Ma3n_22271,Ma3n_22272"
Meloidogyne arenaria,19,Ma3n_Chr_06,2886782,2911107,24325,5,"Ma3n_24107,Ma3n_24109,Ma3n_24110,Ma3n_24112,Ma3n_24114"
Meloidogyne arenaria,20,Ma3n_Chr_06,8761503,8782645,21142,4,"Ma3n_25278,Ma3n_25279,Ma3n_25280,Ma3n_25281"
Meloidogyne arenaria,21,Ma3n_Chr_06,8789150,8812028,22878,6,"Ma3n_25283,Ma3n_25284,Ma3n_25285,Ma3n_25286,Ma3n_25287,Ma3n_25289"
Meloidogyne arenaria,22,Ma3n_Chr_06,8827965,8847162,19197,7,"Ma3n_25296,Ma3n_25297,Ma3n_25298,Ma3n_25299,Ma3n_25300,Ma3n_25301,Ma3n_25302"
Meloidogyne arenaria,23,Ma3n_Chr_01,6167301,6183980,16679,4,"Ma3n_26674,Ma3n_26675,Ma3n_26676,Ma3n_26677"
Meloidogyne arenaria,24,Ma3n_Chr_35,1363328,1376405,13077,4,"Ma3n_31527,Ma3n_31528,Ma3n_31529,Ma3n_31530"
Meloidogyne arenaria,25,Ma3n_Chr_21,3891791,3918860,27069,7,"Ma3n_39219,Ma3n_39220,Ma3n_39221,Ma3n_39222,Ma3n_39223,Ma3n_39224,Ma3n_39226"
Meloidogyne arenaria,26,Ma3n_Chr_27,831230,847784,16554,4,"Ma3n_39427,Ma3n_39428,Ma3n_39429,Ma3n_39430"
Meloidogyne arenaria,27,Ma3n_Chr_27,3545934,3551241,5307,4,"Ma3n_39976,Ma3n_39977,Ma3n_39978,Ma3n_39979"
Meloidogyne arenaria,28,Ma3n_Chr_07,2687379,2694359,6980,4,"Ma3n_40599,Ma3n_40600,Ma3n_40601,Ma3n_40602"
Meloidogyne arenaria,29,Ma3n_Chr_07,7264172,7280455,16283,5,"Ma3n_41451,Ma3n_41452,Ma3n_41453,Ma3n_41454,Ma3n_41455"
Meloidogyne arenaria,30,Ma3n_Chr_17,4054096,4064139,10043,5,"Ma3n_43170,Ma3n_43171,Ma3n_43172,Ma3n_43173,Ma3n_43175"
Meloidogyne arenaria,31,Ma3n_Chr_28,3398482,3414486,16004,6,"Ma3n_44315,Ma3n_44319,Ma3n_44320,Ma3n_44321,Ma3n_44322,Ma3n_44324"
Meloidogyne arenaria,32,Ma3n_Chr_03,704431,711061,6630,4,"Ma3n_44599,Ma3n_44600,Ma3n_44601,Ma3n_44602"
Meloidogyne arenaria,33,Ma3n_Chr_03,11329597,11340139,10542,4,"Ma3n_46877,Ma3n_46878,Ma3n_46880,Ma3n_46881"
Meloidogyne graminicola,1,Mg_Chr_6,487670,494567,6897,4,"Mg_05119,Mg_05120,Mg_05121,Mg_05122"
Meloidogyne graminicola,2,Mg_Chr_6,1809106,1837011,27905,6,"Mg_05530,Mg_05531,Mg_05532,Mg_05533,Mg_05534,Mg_05535"
Meloidogyne graminicola,3,Mg_Chr_1,693766,701985,8219,4,"Mg_06391,Mg_06392,Mg_06393,Mg_06394"
Meloidogyne graminicola,4,Mg_Chr_16,1396477,1402021,5544,4,"Mg_08034,Mg_08035,Mg_08036,Mg_08037"
Meloidogyne graminicola,5,Mg_Chr_16,1523368,1532335,8967,4,"Mg_08081,Mg_08082,Mg_08083,Mg_08084"
Meloidogyne graminicola,6,Mg_Chr_4,1793858,1806463,12605,4,"Mg_10600,Mg_10601,Mg_10602,Mg_10603"
Meloidogyne incognita,1,Mi_Chr_14,743334,770667,27333,7,"Mi_01981,Mi_01983,Mi_01984,Mi_01985,Mi_01986,Mi_01987,Mi_01988"
Meloidogyne incognita,2,Mi_Chr_14,1173409,1187296,13887,4,"Mi_02073,Mi_02075,Mi_02076,Mi_02077"
Meloidogyne incognita,3,Mi_Chr_06,5590535,5605580,15045,4,"Mi_05186,Mi_05187,Mi_05188,Mi_05190"
Meloidogyne incognita,4,Mi_Chr_23,2023858,2042685,18827,7,"Mi_06155,Mi_06156,Mi_06157,Mi_06158,Mi_06159,Mi_06160,Mi_06161"
Meloidogyne incognita,5,Mi_Chr_23,2695529,2703149,7620,4,"Mi_06308,Mi_06309,Mi_06310,Mi_06311"
Meloidogyne incognita,6,Mi_Chr_26,968680,985977,17297,5,"Mi_06873,Mi_06874,Mi_06875,Mi_06876,Mi_06877"
Meloidogyne incognita,7,Mi_Chr_26,1091497,1120775,29278,6,"Mi_06913,Mi_06914,Mi_06915,Mi_06917,Mi_06918,Mi_06919"
Meloidogyne incognita,8,Mi_Chr_12,840064,861675,21611,6,"Mi_07594,Mi_07595,Mi_07596,Mi_07598,Mi_07599,Mi_07600"
Meloidogyne incognita,9,Mi_Chr_12,2559707,2572412,12705,4,"Mi_08041,Mi_08043,Mi_08044,Mi_08045"
Meloidogyne incognita,10,Mi_Chr_27,225150,232275,7125,6,"Mi_08705,Mi_08706,Mi_08707,Mi_08708,Mi_08709,Mi_08710"
Meloidogyne incognita,11,Mi_Chr_27,2800881,2825704,24823,8,"Mi_09310,Mi_09311,Mi_09313,Mi_09315,Mi_09316,Mi_09317,Mi_09318,Mi_09319"
Meloidogyne incognita,12,Mi_Chr_30,1888034,1901530,13496,4,"Mi_09839,Mi_09840,Mi_09841,Mi_09842"
Meloidogyne incognita,13,Mi_Chr_03,4718253,4734272,16019,4,"Mi_12175,Mi_12176,Mi_12177,Mi_12178"
Meloidogyne incognita,14,Mi_Chr_03,5401531,5417646,16115,5,"Mi_12375,Mi_12377,Mi_12378,Mi_12379,Mi_12382"
Meloidogyne incognita,15,Mi_Chr_24,537115,551668,14553,4,"Mi_13524,Mi_13526,Mi_13528,Mi_13529"
Meloidogyne incognita,16,Mi_Chr_31,2510214,2551266,41052,12,"Mi_14824,Mi_14825,Mi_14826,Mi_14827,Mi_14828,Mi_14829,Mi_14830,Mi_14831,Mi_14833,Mi_14834,Mi_14835,Mi_14836"
Meloidogyne incognita,17,Mi_Chr_05,2568576,2576457,7881,4,"Mi_15654,Mi_15655,Mi_15656,Mi_15657"
Meloidogyne incognita,18,Mi_Chr_02,917053,935450,18397,5,"Mi_18135,Mi_18137,Mi_18138,Mi_18139,Mi_18140"
Meloidogyne incognita,19,Mi_Chr_11,1064130,1081310,17180,6,"Mi_20340,Mi_20341,Mi_20342,Mi_20343,Mi_20344,Mi_20345"
Meloidogyne incognita,20,Mi_Chr_11,5693536,5698593,5057,4,"Mi_21366,Mi_21367,Mi_21368,Mi_21369"
Meloidogyne incognita,21,Mi_Chr_22,859877,866391,6514,4,"Mi_22965,Mi_22966,Mi_22967,Mi_22968"
Meloidogyne incognita,22,Mi_Chr_37,832056,853527,21471,6,"Mi_24554,Mi_24555,Mi_24556,Mi_24557,Mi_24558,Mi_24559"
Meloidogyne incognita,23,Mi_Chr_37,2064945,2100841,35896,12,"Mi_24680,Mi_24681,Mi_24682,Mi_24683,Mi_24684,Mi_24685,Mi_24686,Mi_24687,Mi_24688,Mi_24689,Mi_24690,Mi_24692"
Meloidogyne incognita,24,Mi_Chr_01,3272045,3287810,15765,4,"Mi_25375,Mi_25376,Mi_25377,Mi_25378"
Meloidogyne incognita,25,Mi_Chr_01,3476812,3488609,11797,4,"Mi_25409,Mi_25410,Mi_25411,Mi_25412"
Meloidogyne incognita,26,Mi_Chr_01,8910932,8928552,17620,5,"Mi_26374,Mi_26376,Mi_26377,Mi_26378,Mi_26380"
Meloidogyne incognita,27,Mi_Chr_33,140305,147699,7394,4,"Mi_28032,Mi_28034,Mi_28035,Mi_28036"
Meloidogyne incognita,28,Mi_Chr_33,2290850,2318059,27209,5,"Mi_28492,Mi_28493,Mi_28494,Mi_28495,Mi_28496"
Meloidogyne incognita,29,Mi_Chr_33,2319282,2347710,28428,7,"Mi_28497,Mi_28498,Mi_28499,Mi_28501,Mi_28502,Mi_28503,Mi_28505"
Meloidogyne incognita,30,Mi_Chr_04,8156832,8175445,18613,4,"Mi_30327,Mi_30328,Mi_30329,Mi_30330"
Meloidogyne incognita,31,Mi_Chr_15,1715353,1724819,9466,5,"Mi_32052,Mi_32054,Mi_32055,Mi_32056,Mi_32057"
Meloidogyne incognita,32,Mi_Chr_28,1890837,1899837,9000,5,"Mi_32938,Mi_32939,Mi_32940,Mi_32941,Mi_32942"
Meloidogyne incognita,33,Mi_Chr_29,467467,473294,5827,4,"Mi_37962,Mi_37963,Mi_37964,Mi_37965"
Meloidogyne incognita,34,Mi_Chr_29,3195520,3202564,7044,5,"Mi_38412,Mi_38414,Mi_38415,Mi_38416,Mi_38417"
Meloidogyne incognita,35,Mi_Chr_08,5463025,5469127,6102,6,"Mi_40706,Mi_40707,Mi_40708,Mi_40709,Mi_40710,Mi_40711"
Meloidogyne incognita,36,Mi_Chr_21,1618910,1629373,10463,4,"Mi_41611,Mi_41612,Mi_41613,Mi_41614"
Meloidogyne incognita,37,Mi_Chr_21,4378391,4388790,10399,8,"Mi_42261,Mi_42262,Mi_42264,Mi_42265,Mi_42266,Mi_42267,Mi_42268,Mi_42269"
Meloidogyne incognita,38,Mi_Chr_07,3250352,3257358,7006,4,"Mi_43023,Mi_43024,Mi_43025,Mi_43026"
Meloidogyne incognita,39,Mi_Chr_07,4835725,4842210,6485,5,"Mi_43312,Mi_43313,Mi_43314,Mi_43315,Mi_43316"
Meloidogyne incognita,40,Mi_Chr_07,6959031,6994288,35257,7,"Mi_43727,Mi_43728,Mi_43729,Mi_43730,Mi_43731,Mi_43732,Mi_43733"
Meloidogyne incognita,41,Mi_Chr_07,7007317,7024456,17139,6,"Mi_43736,Mi_43737,Mi_43738,Mi_43739,Mi_43740,Mi_43741"
Meloidogyne javanica,1,Mj_Chr_19,1819598,1829628,10030,4,"Mj_02128,Mj_02130,Mj_02132,Mj_02133"
Meloidogyne javanica,2,Mj_Chr_19,5928640,5943635,14995,4,"Mj_02679,Mj_02680,Mj_02681,Mj_02682"
Meloidogyne javanica,3,Mj_Chr_16,599550,628284,28734,8,"Mj_02913,Mj_02914,Mj_02916,Mj_02917,Mj_02918,Mj_02919,Mj_02920,Mj_02923"
Meloidogyne javanica,4,Mj_Chr_16,638300,657562,19262,5,"Mj_02928,Mj_02929,Mj_02930,Mj_02931,Mj_02932"
Meloidogyne javanica,5,Mj_Chr_16,659273,685208,25935,4,"Mj_02933,Mj_02934,Mj_02935,Mj_02936"
Meloidogyne javanica,6,Mj_contig_012,9198,28530,19332,4,"Mj_07399,Mj_07401,Mj_07402,Mj_07403"
Meloidogyne javanica,7,Mj_Chr_25,2791054,2798147,7093,4,"Mj_07924,Mj_07925,Mj_07926,Mj_07927"
Meloidogyne javanica,8,Mj_Chr_08,6807007,6817143,10136,4,"Mj_11570,Mj_11571,Mj_11573,Mj_11575"
Meloidogyne javanica,9,Mj_Chr_41,3426142,3445581,19439,7,"Mj_13331,Mj_13332,Mj_13333,Mj_13334,Mj_13335,Mj_13336,Mj_13337"
Meloidogyne javanica,10,Mj_Chr_18,1755599,1765551,9952,4,"Mj_13778,Mj_13780,Mj_13781,Mj_13782"
Meloidogyne javanica,11,Mj_Chr_10,1974237,1984122,9885,4,"Mj_16261,Mj_16263,Mj_16264,Mj_16265"
Meloidogyne javanica,12,Mj_Chr_04,5272475,5288530,16055,5,"Mj_20949,Mj_20951,Mj_20952,Mj_20953,Mj_20956"
Meloidogyne javanica,13,Mj_Chr_24,2040180,2051183,11003,4,"Mj_24153,Mj_24154,Mj_24155,Mj_24156"
Meloidogyne javanica,14,Mj_Chr_24,5315841,5319762,3921,4,"Mj_24858,Mj_24859,Mj_24860,Mj_24861"
Meloidogyne javanica,15,Mj_Chr_24,5387496,5409767,22271,5,"Mj_24873,Mj_24875,Mj_24876,Mj_24877,Mj_24878"
Meloidogyne javanica,16,Mj_Chr_13,7160155,7168846,8691,4,"Mj_26631,Mj_26632,Mj_26633,Mj_26636"
Meloidogyne javanica,17,Mj_Chr_34,2305491,2315591,10100,4,"Mj_27992,Mj_27993,Mj_27995,Mj_27996"
Meloidogyne javanica,18,Mj_Chr_34,3735769,3746451,10682,5,"Mj_28305,Mj_28306,Mj_28307,Mj_28308,Mj_28309"
Meloidogyne javanica,19,Mj_Chr_29,239461,266549,27088,10,"Mj_30670,Mj_30671,Mj_30672,Mj_30673,Mj_30674,Mj_30675,Mj_30676,Mj_30677,Mj_30678,Mj_30679"
Meloidogyne javanica,20,Mj_Chr_07,1267268,1286607,19339,4,"Mj_33653,Mj_33654,Mj_33655,Mj_33656"
Meloidogyne javanica,21,Mj_Chr_07,8055455,8065345,9890,4,"Mj_34760,Mj_34761,Mj_34762,Mj_34763"
Meloidogyne javanica,22,Mj_Chr_01,4551970,4560282,8312,4,"Mj_38114,Mj_38115,Mj_38116,Mj_38117"
Meloidogyne javanica,23,Mj_Chr_01,6415686,6422245,6559,5,"Mj_38484,Mj_38485,Mj_38486,Mj_38487,Mj_38488"
Meloidogyne javanica,24,Mj_Chr_01,8465119,8476943,11824,4,"Mj_38918,Mj_38919,Mj_38920,Mj_38921"
Meloidogyne javanica,25,Mj_Chr_01,8519970,8528794,8824,4,"Mj_38931,Mj_38932,Mj_38933,Mj_38934"
Meloidogyne javanica,26,Mj_Chr_38,106313,111539,5226,4,"Mj_39970,Mj_39971,Mj_39972,Mj_39973"
Meloidogyne javanica,27,Mj_Chr_21,4965540,4975472,9932,4,"Mj_41740,Mj_41742,Mj_41743,Mj_41744"
Meloidogyne javanica,28,Mj_Chr_40,506296,515548,9252,4,"Mj_42250,Mj_42251,Mj_42252,Mj_42253"
Meloidogyne javanica,29,Mj_Chr_22,3144011,3166802,22791,8,"Mj_43567,Mj_43568,Mj_43569,Mj_43570,Mj_43571,Mj_43572,Mj_43573,Mj_43574"
Meloidogyne javanica,30,Mj_Chr_22,4395696,4404948,9252,5,"Mj_43795,Mj_43796,Mj_43797,Mj_43798,Mj_43799"
Meloidogyne javanica,31,Mj_Chr_09,4300984,4311526,10542,5,"Mj_51131,Mj_51132,Mj_51133,Mj_51134,Mj_51135"
Meloidogyne javanica,32,Mj_Chr_20,976649,986597,9948,4,"Mj_53085,Mj_53087,Mj_53089,Mj_53090"
Meloidogyne javanica,33,Mj_Chr_20,6252606,6264718,12112,4,"Mj_54014,Mj_54015,Mj_54016,Mj_54017"
Meloidogyne javanica,34,Mj_Chr_42,2940128,2948492,8364,4,"Mj_56642,Mj_56643,Mj_56644,Mj_56645"
Meloidogyne javanica,35,Mj_Chr_05,4861158,4868527,7369,4,"Mj_57852,Mj_57853,Mj_57854,Mj_57855"
Meloidogyne javanica,36,Mj_Chr_11,7143168,7149333,6165,4,"Mj_60613,Mj_60614,Mj_60615,Mj_60616"
Meloidogyne javanica,37,Mj_Chr_44,2759503,2764710,5207,4,"Mj_62240,Mj_62241,Mj_62242,Mj_62243"
Globodera pallida,1,G_pallida_D383_scaffold_001_size_9152732,462068,501012,38944,5,"gene:Gpal_D383_g00063,gene:Gpal_D383_g00065,gene:Gpal_D383_g00066,gene:Gpal_D383_g00067,gene:Gpal_D383_g00070"
Globodera pallida,2,G_pallida_D383_scaffold_001_size_9152732,1223199,1236480,13281,4,"gene:Gpal_D383_g00224,gene:Gpal_D383_g00225,gene:Gpal_D383_g00226,gene:Gpal_D383_g00227"
Globodera pallida,3,G_pallida_D383_scaffold_001_size_9152732,4205156,4228101,22945,4,"gene:Gpal_D383_g00996,gene:Gpal_D383_g00999,gene:Gpal_D383_g01000,gene:Gpal_D383_g01001"
Globodera pallida,4,G_pallida_D383_scaffold_001_size_9152732,4576353,4599202,22849,4,"gene:Gpal_D383_g01066,gene:Gpal_D383_g01067,gene:Gpal_D383_g01068,gene:Gpal_D383_g01072"
Globodera pallida,5,G_pallida_D383_scaffold_004_size_5524212,627501,650905,23404,4,"gene:Gpal_D383_g04440,gene:Gpal_D383_g04442,gene:Gpal_D383_g04444,gene:Gpal_D383_g04445"
Globodera pallida,6,G_pallida_D383_scaffold_004_size_5524212,2037180,2067617,30437,8,"gene:Gpal_D383_g04702,gene:Gpal_D383_g04703,gene:Gpal_D383_g04704,gene:Gpal_D383_g04705,gene:Gpal_D383_g04706,gene:Gpal_D383_g04707,gene:Gpal_D383_g04708,gene:Gpal_D383_g04713"
Globodera pallida,7,G_pallida_D383_scaffold_005_size_3958234,2661597,2672520,10923,5,"gene:Gpal_D383_g05958,gene:Gpal_D383_g05959,gene:Gpal_D383_g05961,gene:Gpal_D383_g05962,gene:Gpal_D383_g05963"
Globodera pallida,8,G_pallida_D383_scaffold_005_size_3958234,3501295,3513525,12230,4,"gene:Gpal_D383_g06158,gene:Gpal_D383_g06159,gene:Gpal_D383_g06160,gene:Gpal_D383_g06163"
Globodera pallida,9,G_pallida_D383_scaffold_008_size_3470396,1175850,1188354,12504,5,"gene:Gpal_D383_g07622,gene:Gpal_D383_g07623,gene:Gpal_D383_g07624,gene:Gpal_D383_g07625,gene:Gpal_D383_g07626"
Globodera pallida,10,G_pallida_D383_scaffold_008_size_3470396,1450906,1467950,17044,4,"gene:Gpal_D383_g07678,gene:Gpal_D383_g07680,gene:Gpal_D383_g07681,gene:Gpal_D383_g07683"
Globodera pallida,11,G_pallida_D383_scaffold_016_size_3242323,2166175,2184239,18064,7,"gene:Gpal_D383_g12636,gene:Gpal_D383_g12637,gene:Gpal_D383_g12638,gene:Gpal_D383_g12639,gene:Gpal_D383_g12640,gene:Gpal_D383_g12641,gene:Gpal_D383_g12643"
Globodera pallida,12,G_pallida_D383_scaffold_016_size_3242323,2400865,2419681,18816,6,"gene:Gpal_D383_g12685,gene:Gpal_D383_g12686,gene:Gpal_D383_g12687,gene:Gpal_D383_g12688,gene:Gpal_D383_g12690,gene:Gpal_D383_g12691"
Globodera pallida,13,G_pallida_D383_scaffold_011_size_2730682,1737826,1754065,16239,4,"gene:Gpal_D383_g10238,gene:Gpal_D383_g10239,gene:Gpal_D383_g10241,gene:Gpal_D383_g10242"
Globodera pallida,14,G_pallida_D383_scaffold_019_size_1345238,1222967,1238930,15963,4,"gene:Gpal_D383_g13542,gene:Gpal_D383_g13543,gene:Gpal_D383_g13544,gene:Gpal_D383_g13545"
Globodera pallida,15,G_pallida_D383_scaffold_047_size_761766,614998,641108,26110,4,"gene:Gpal_D383_g16322,gene:Gpal_D383_g16323,gene:Gpal_D383_g16324,gene:Gpal_D383_g16325"
Globodera pallida,16,G_pallida_D383_scaffold_052_size_580195,392327,415262,22935,4,"gene:Gpal_D383_g16746,gene:Gpal_D383_g16747,gene:Gpal_D383_g16748,gene:Gpal_D383_g16749"
Steinernema carpocapsae,1,scaffold4,1595688,1605919,10231,4,"gene:L596_017389,gene:L596_017390,gene:L596_017391,gene:L596_017392"
Steinernema carpocapsae,2,scaffold6,596258,601076,4818,4,"gene:L596_023077,gene:L596_023078,gene:L596_023080,gene:L596_023079"
Steinernema feltiae,1,contig00043,356292,366081,9789,5,"gene:contig00043.3.39,gene:contig00043.3.40,gene:contig00043.3.66,gene:contig00043.3.93,gene:contig00043.3.94"
Steinernema feltiae,2,contig00267,67711,74938,7227,5,"gene:contig00267.0.14,gene:contig00267.0.15,gene:contig00267.0.16,gene:contig00267.0.46,gene:contig00267.0.47"
Steinernema feltiae,3,contig03536,57410,61287,3877,4,"gene:contig03536.0.17,gene:contig03536.0.44,gene:contig03536.0.6,gene:contig03536.0.45"
Steinernema feltiae,4,contig03712,7433,14856,7423,4,"gene:contig03712.0.17,gene:contig03712.0.18,gene:contig03712.0.12,gene:contig03712.0.13"
Bursaphelenchus xylophilus,1,BXYJ5_Chr1,1835697,1857179,21482,4,"gene:BXYJ5.010029700,gene:BXYJ5.010029900,gene:BXYJ5.010030200,gene:BXYJ5.010030300"
Bursaphelenchus xylophilus,2,BXYJ5_Chr1,4056481,4064818,8337,5,"gene:BXYJ5.010068700,gene:BXYJ5.010068800,gene:BXYJ5.010068900,gene:BXYJ5.010069000,gene:BXYJ5.010069100"
Bursaphelenchus xylophilus,3,BXYJ5_Chr1,12363352,12369081,5729,5,"gene:BXYJ5.010247700,gene:BXYJ5.010247800,gene:BXYJ5.010247900,gene:BXYJ5.010248000,gene:BXYJ5.010248100"
Bursaphelenchus xylophilus,4,BXYJ5_Chr6,2565743,2579429,13686,4,"gene:BXYJ5.060031100,gene:BXYJ5.060031300,gene:BXYJ5.060031500,gene:BXYJ5.060031600"
Bursaphelenchus xylophilus,5,BXYJ5_Chr4,576267,593489,17222,9,"gene:BXYJ5.040009200,gene:BXYJ5.040009300,gene:BXYJ5.040009400,gene:BXYJ5.040009700,gene:BXYJ5.040009800,gene:BXYJ5.040009900,gene:BXYJ5.040010000,gene:BXYJ5.040010100,gene:BXYJ5.040010200"
Bursaphelenchus xylophilus,6,BXYJ5_Chr4,2402401,2415802,13401,4,"gene:BXYJ5.040041300,gene:BXYJ5.040041800,gene:BXYJ5.040041900,gene:BXYJ5.040042000"
Bursaphelenchus xylophilus,7,BXYJ5_Chr4,3793806,3816426,22620,4,"gene:BXYJ5.040065900,gene:BXYJ5.040066000,gene:BXYJ5.040066100,gene:BXYJ5.040066300"
Bursaphelenchus xylophilus,8,BXYJ5_Chr3,1092495,1120421,27926,7,"gene:BXYJ5.030018900,gene:BXYJ5.030019000,gene:BXYJ5.030019100,gene:BXYJ5.030019200,gene:BXYJ5.030019500,gene:BXYJ5.030019600,gene:BXYJ5.030019900"
Bursaphelenchus xylophilus,9,BXYJ5_Chr3,11298801,11311871,13070,6,"gene:BXYJ5.030225200,gene:BXYJ5.030225300,gene:BXYJ5.030225400,gene:BXYJ5.030225500,gene:BXYJ5.030225600,gene:BXYJ5.030225700"
Bursaphelenchus xylophilus,10,BXYJ5_Chr5,10578535,10601868,23333,5,"gene:BXYJ5.050235700,gene:BXYJ5.050235800,gene:BXYJ5.050235900,gene:BXYJ5.050236100,gene:BXYJ5.050236200"
Bursaphelenchus xylophilus,11,BXYJ5_Chr2,16294,24977,8683,4,"gene:BXYJ5.020001000,gene:BXYJ5.020001200,gene:BXYJ5.020001300,gene:BXYJ5.020001400"
Bursaphelenchus xylophilus,12,BXYJ5_Chr2,11978699,11986810,8111,6,"gene:BXYJ5.020256200,gene:BXYJ5.020256300,gene:BXYJ5.020256400,gene:BXYJ5.020256500,gene:BXYJ5.020256600,gene:BXYJ5.020256700"
Haemonchus contortus,1,hcontortus_chr4_Celeg_TT_arrow_pilon,2479469,2505340,25871,4,"gene:HCON_00097920,gene:HCON_00097940,gene:HCON_00097950,gene:HCON_00097970"
Haemonchus contortus,2,hcontortus_chr4_Celeg_TT_arrow_pilon,2919022,2962835,43813,6,"gene:HCON_00098390,gene:HCON_00098400,gene:HCON_00098420,gene:HCON_00098425,gene:HCON_00098450,gene:HCON_00098470"
Haemonchus contortus,3,hcontortus_chr5_Celeg_TT_arrow_pilon,32670442,32734278,63836,4,"gene:HCON_00152150,gene:HCON_00152160,gene:HCON_00152190,gene:HCON_00152200"
Haemonchus contortus,4,hcontortus_chr5_Celeg_TT_arrow_pilon,47027743,47058786,31043,5,"gene:HCON_00162550,gene:HCON_00162555,gene:HCON_00162590,gene:HCON_00162600,gene:HCON_00162620"
Haemonchus contortus,5,hcontortus_chr1_Celeg_TT_arrow_pilon,35267761,35297106,29345,4,"gene:HCON_00024900,gene:HCON_00024920,gene:HCON_00024930,gene:HCON_00024940"
Haemonchus contortus,6,hcontortus_chr1_Celeg_TT_arrow_pilon,42305832,42340474,34642,4,"gene:HCON_00030400,gene:HCON_00030410,gene:HCON_00030420,gene:HCON_00030430"
Haemonchus contortus,7,hcontortus_chr3_Celeg_TT_arrow_pilon,5221769,5236187,14418,4,"gene:HCON_00068610,gene:HCON_00068620,gene:HCON_00068630,gene:HCON_00068650"
Haemonchus contortus,8,hcontortus_chr3_Celeg_TT_arrow_pilon,40420629,40566015,145386,5,"gene:HCON_00093160,gene:HCON_00093210,gene:HCON_00093220,gene:HCON_00093230,gene:HCON_00093250"
Ancylostoma caninum,1,JBAJFG010000015.1,81418,145042,63624,4,"g825,g829,g830,g831"
Ancylostoma caninum,2,JBAJFG010000015.1,672952,744736,71784,4,"g862,g866,g867,g868"
Ancylostoma caninum,3,JBAJFG010000015.1,2212966,2277277,64311,4,"g948,g949,g951,g952"
Ancylostoma caninum,4,JBAJFG010000084.1,373877,480507,106630,8,"g3855,g3856,g3857,g3858,g3859,g3860,g3861,g3862"
Ancylostoma caninum,5,JBAJFG010000092.1,276465,339125,62660,5,"g4020,g4022,g4023,g4024,g4025"
Ancylostoma caninum,6,JBAJFG010000092.1,658296,692045,33749,4,"g4047,g4048,g4049,g4051"
Ancylostoma caninum,7,JBAJFG010000104.1,262726,384355,121629,6,"g4297,g4298,g4299,g4300,g4301,g4302"
Ancylostoma caninum,8,JBAJFG010000172.1,846780,924112,77332,5,"g5544,g5546,g5547,g5548,g5551"
Ancylostoma caninum,9,JBAJFG010000172.1,4149341,4292208,142867,9,"g5784,g5785,g5786,g5787,g5788,g5789,g5790,g5791,g5795"
Ancylostoma caninum,10,JBAJFG010000229.1,214364,320263,105899,9,"g6687,g6688,g6689,g6690,g6691,g6692,g6693,g6694,g6696"
Ancylostoma caninum,11,JBAJFG010000258.1,1142687,1216934,74247,6,"g7267,g7268,g7269,g7270,g7272,g7273"
Ancylostoma caninum,12,JBAJFG010000479.1,3363241,3472401,109160,5,"g12054,g12056,g12057,g12058,g12059"
Ancylostoma caninum,13,JBAJFG010000515.1,1046110,1127144,81034,4,"g13047,g13048,g13049,g13050"
Ancylostoma caninum,14,JBAJFG010000545.1,1267614,1296345,28731,5,"g13443,g13444,g13445,g13446,g13447"
Ancylostoma caninum,15,JBAJFG010000562.1,916522,1050826,134304,5,"g14013,g14014,g14016,g14017,g14018"
Ancylostoma caninum,16,JBAJFG010000588.1,19250,85421,66171,5,"g14718,g14719,g14720,g14721,g14722"
Ancylostoma caninum,17,JBAJFG010000638.1,490119,554550,64431,5,"g16083,g16084,g16086,g16087,g16088"
Ancylostoma ceylanicum,1,Acey_s0003_scaf,2078616,2128558,49942,5,"gene:Acey_s0003.v2.g10553,gene:Acey_s0003.v2.g10555,gene:Acey_s0003.v2.g10556,gene:Acey_s0003.v2.g10557,gene:Acey_s0003.v2.g10558"
Ancylostoma ceylanicum,2,Acey_s0004_scaf,1928223,1958714,30491,5,"gene:Acey_s0004.v2.g11263,gene:Acey_s0004.v2.g11264,gene:Acey_s0004.v2.g11265,gene:Acey_s0004.v2.g11266,gene:Acey_s0004.v2.g11267"
Ancylostoma ceylanicum,3,Acey_s0005_scaf,2483105,2526938,43833,9,"gene:Acey_s0005.v2.g14584,gene:Acey_s0005.v2.g14585,gene:Acey_s0005.v2.g14586,gene:Acey_s0005.v2.g14587,gene:Acey_s0005.v2.g14588,gene:Acey_s0005.v2.g14589,gene:Acey_s0005.v2.g14590,gene:Acey_s0005.v2.g14592,gene:Acey_s0005.v2.g14593"
Ancylostoma ceylanicum,4,Acey_s0009_scaf,539739,577272,37533,4,"gene:Acey_s0009.v2.g6488,gene:Acey_s0009.v2.g6489,gene:Acey_s0009.v2.g6490,gene:Acey_s0009.v2.g6491"
Ancylostoma ceylanicum,5,Acey_s0009_scaf,1142267,1193368,51101,7,"gene:Acey_s0009.v2.g6521,gene:Acey_s0009.v2.g6522,gene:Acey_s0009.v2.g6523,gene:Acey_s0009.v2.g6524,gene:Acey_s0009.v2.g6525,gene:Acey_s0009.v2.g6526,gene:Acey_s0009.v2.g6527"
Ancylostoma ceylanicum,6,Acey_s0010_scaf,1535491,1574879,39388,4,"gene:Acey_s0010.v2.g7399,gene:Acey_s0010.v2.g7401,gene:Acey_s0010.v2.g7402,gene:Acey_s0010.v2.g7403"
Ancylostoma ceylanicum,7,Acey_s0017_scaf,2077436,2128192,50756,7,"gene:Acey_s0017.v2.g17793,gene:Acey_s0017.v2.g17794,gene:Acey_s0017.v2.g17795,gene:Acey_s0017.v2.g17796,gene:Acey_s0017.v2.g17797,gene:Acey_s0017.v2.g17798,gene:Acey_s0017.v2.g17799"
Ancylostoma ceylanicum,8,Acey_s0030_scaf,1363823,1416622,52799,6,"gene:Acey_s0030.v2.g13642,gene:Acey_s0030.v2.g13643,gene:Acey_s0030.v2.g13644,gene:Acey_s0030.v2.g13645,gene:Acey_s0030.v2.g13647,gene:Acey_s0030.v2.g13648"
Ancylostoma ceylanicum,9,Acey_s0030_scaf,1474683,1513146,38463,9,"gene:Acey_s0030.v2.g13649,gene:Acey_s0030.v2.g13650,gene:Acey_s0030.v2.g13651,gene:Acey_s0030.v2.g13652,gene:Acey_s0030.v2.g13653,gene:Acey_s0030.v2.g13654,gene:Acey_s0030.v2.g13655,gene:Acey_s0030.v2.g13656,gene:Acey_s0030.v2.g13657"
Ancylostoma ceylanicum,10,Acey_s0034_scaf,1415096,1462558,47462,6,"gene:Acey_s0034.v2.g3320,gene:Acey_s0034.v2.g3321,gene:Acey_s0034.v2.g3322,gene:Acey_s0034.v2.g3323,gene:Acey_s0034.v2.g3324,gene:Acey_s0034.v2.g3325"
Ancylostoma ceylanicum,11,Acey_s0049_scaf,381309,404087,22778,4,"gene:Acey_s0049.v2.g8349,gene:Acey_s0049.v2.g8351,gene:Acey_s0049.v2.g8352,gene:Acey_s0049.v2.g8353"
Ancylostoma ceylanicum,12,Acey_s0058_scaf,795353,809727,14374,4,"gene:Acey_s0058.v2.g14807,gene:Acey_s0058.v2.g14808,gene:Acey_s0058.v2.g14809,gene:Acey_s0058.v2.g14810"
Ancylostoma ceylanicum,13,Acey_s0065_scaf,284122,312236,28114,8,"gene:Acey_s0065.v2.g16168,gene:Acey_s0065.v2.g16169,gene:Acey_s0065.v2.g16170,gene:Acey_s0065.v2.g16171,gene:Acey_s0065.v2.g16172,gene:Acey_s0065.v2.g16173,gene:Acey_s0065.v2.g16174,gene:Acey_s0065.v2.g16175"
Ancylostoma ceylanicum,14,Acey_s0065_scaf,517793,538886,21093,4,"gene:Acey_s0065.v2.g16191,gene:Acey_s0065.v2.g16192,gene:Acey_s0065.v2.g16193,gene:Acey_s0065.v2.g16194"
Ancylostoma ceylanicum,15,Acey_s0067_scaf,268763,326356,57593,6,"gene:Acey_s0067.v2.g13517,gene:Acey_s0067.v2.g13518,gene:Acey_s0067.v2.g13519,gene:Acey_s0067.v2.g13520,gene:Acey_s0067.v2.g13521,gene:Acey_s0067.v2.g13522"
Ancylostoma ceylanicum,16,Acey_s0098_scaf,262058,291005,28947,4,"gene:Acey_s0098.v2.g2365,gene:Acey_s0098.v2.g2366,gene:Acey_s0098.v2.g2367,gene:Acey_s0098.v2.g2368"
Ancylostoma ceylanicum,17,Acey_s0112_scaf,79396,118348,38952,11,"gene:Acey_s0112.v2.g13083,gene:Acey_s0112.v2.g13084,gene:Acey_s0112.v2.g13085,gene:Acey_s0112.v2.g13086,gene:Acey_s0112.v2.g13087,gene:Acey_s0112.v2.g13088,gene:Acey_s0112.v2.g13089,gene:Acey_s0112.v2.g13090,gene:Acey_s0112.v2.g13091,gene:Acey_s0112.v2.g13092,gene:Acey_s0112.v2.g13093"
Ancylostoma ceylanicum,18,Acey_s0193_scaf,303143,394793,91650,6,"gene:Acey_s0193.v2.g17242,gene:Acey_s0193.v2.g17243,gene:Acey_s0193.v2.g17244,gene:Acey_s0193.v2.g17245,gene:Acey_s0193.v2.g17247,gene:Acey_s0193.v2.g17249"
Ancylostoma ceylanicum,19,Acey_s0248_scaf,74547,138692,64145,4,"gene:Acey_s0248.v2.g5290,gene:Acey_s0248.v2.g5291,gene:Acey_s0248.v2.g5292,gene:Acey_s0248.v2.g5293"
Ancylostoma ceylanicum,20,Acey_s0477_scaf,61980,90901,28921,4,"gene:Acey_s0477.v2.g1409,gene:Acey_s0477.v2.g1410,gene:Acey_s0477.v2.g1411,gene:Acey_s0477.v2.g1412"
Ancylostoma ceylanicum,21,Acey_s0549_scaf,52564,69416,16852,4,"gene:Acey_s0549.v2.g18628,gene:Acey_s0549.v2.g18629,gene:Acey_s0549.v2.g18630,gene:Acey_s0549.v2.g18631"
Ancylostoma ceylanicum,22,Acey_s0636_scaf,58037,95451,37414,6,"gene:Acey_s0636.v2.g4146,gene:Acey_s0636.v2.g4147,gene:Acey_s0636.v2.g4148,gene:Acey_s0636.v2.g4149,gene:Acey_s0636.v2.g4150,gene:Acey_s0636.v2.g4151"
Ancylostoma ceylanicum,23,Acey_s0651_scaf,27128,51946,24818,4,"gene:Acey_s0651.v2.g9935,gene:Acey_s0651.v2.g9936,gene:Acey_s0651.v2.g9938,gene:Acey_s0651.v2.g9939"
Ancylostoma ceylanicum,24,Acey_s0937_scaf,1269,29466,28197,4,"gene:Acey_s0937.v2.g18903,gene:Acey_s0937.v2.g18904,gene:Acey_s0937.v2.g18905,gene:Acey_s0937.v2.g18906"
Necator americanus,1,Necator_chrII,29023074,29042412,19338,4,"gene:Necator_chrII.pre1.g7622,gene:Necator_chrII.pre1.g7626,gene:Necator_chrII.pre1.g7627,gene:Necator_chrII.pre1.g7628"
Necator americanus,2,Necator_chrII,30517820,30545760,27940,5,"gene:Necator_chrII.pre1.g7756,gene:Necator_chrII.pre1.g7757,gene:Necator_chrII.pre1.g7758,gene:Necator_chrII.pre1.g7759,gene:Necator_chrII.pre1.g7760"
Necator americanus,3,Necator_chrIV,15573180,15606149,32969,4,"gene:Necator_chrIV.pre1.g14687,gene:Necator_chrIV.pre1.g14689,gene:Necator_chrIV.pre1.g14693,gene:Necator_chrIV.pre1.g14694"
Necator americanus,4,Necator_chrIV,16649463,16653764,4301,4,"gene:Necator_chrIV.pre1.g14853,gene:Necator_chrIV.pre1.g14854,gene:Necator_chrIV.pre1.g14855,gene:Necator_chrIV.pre1.g14856"
Necator americanus,5,Necator_chrIV,21857300,21894012,36712,4,"gene:Necator_chrIV.pre1.g15589,gene:Necator_chrIV.pre1.g15590,gene:Necator_chrIV.pre1.g15591,gene:Necator_chrIV.pre1.g15593"
Necator americanus,6,Necator_chrIV,37603922,37621391,17469,4,"gene:Necator_chrIV.pre1.g17218,gene:Necator_chrIV.pre1.g17220,gene:Necator_chrIV.pre1.g17222,gene:Necator_chrIV.pre1.g17223"
Necator americanus,7,Necator_chrV,34937100,34958125,21025,4,"gene:Necator_chrV.pre1.g20932,gene:Necator_chrV.pre1.g20933,gene:Necator_chrV.pre1.g20935,gene:Necator_chrV.pre1.g20936"
Necator americanus,8,Necator_chrI,13617257,13631624,14367,4,"gene:Necator_chrI.pre1.g1553,gene:Necator_chrI.pre1.g1554,gene:Necator_chrI.pre1.g1555,gene:Necator_chrI.pre1.g1556"
Necator americanus,9,Necator_chrX,11327272,11358198,30926,5,"gene:Necator_chrX.pre1.g22528,gene:Necator_chrX.pre1.g22533,gene:Necator_chrX.pre1.g22534,gene:Necator_chrX.pre1.g22535,gene:Necator_chrX.pre1.g22536"
Necator americanus,10,Necator_chrX,31558323,31579873,21550,4,"gene:Necator_chrX.pre1.g26233,gene:Necator_chrX.pre1.g26234,gene:Necator_chrX.pre1.g26235,gene:Necator_chrX.pre1.g26236"
Nippostrongylus brasiliensis,1,Nippo_chrIV,5897483,5916513,19030,5,"gene:Nippo_chrIV.g8960,gene:Nippo_chrIV.g8961,gene:Nippo_chrIV.g8962,gene:Nippo_chrIV.g8964,gene:Nippo_chrIV.g8965"
Nippostrongylus brasiliensis,2,Nippo_chrIV,27437076,27465325,28249,4,"gene:Nippo_chrIV.g10309,gene:Nippo_chrIV.g10310,gene:Nippo_chrIV.g10312,gene:Nippo_chrIV.g10313"
Nippostrongylus brasiliensis,3,Nippo_chrIV,40407982,40513445,105463,4,"gene:Nippo_chrIV.g11049,gene:Nippo_chrIV.g11050,gene:Nippo_chrIV.g11051,gene:Nippo_chrIV.g11052"
Nippostrongylus brasiliensis,4,Nippo_chrIV,42927403,42976431,49028,7,"gene:Nippo_chrIV.g11211,gene:Nippo_chrIV.g11212,gene:Nippo_chrIV.g11213,gene:Nippo_chrIV.g11214,gene:Nippo_chrIV.g11215,gene:Nippo_chrIV.g11216,gene:Nippo_chrIV.g11219"
Nippostrongylus brasiliensis,5,Nippo_chrIV,46484784,46535832,51048,4,"gene:Nippo_chrIV.g11408,gene:Nippo_chrIV.g11410,gene:Nippo_chrIV.g11412,gene:Nippo_chrIV.g11413"
Nippostrongylus brasiliensis,6,Nippo_chrV,8705,39833,31128,4,"gene:Nippo_chrV.g11757,gene:Nippo_chrV.g11758,gene:Nippo_chrV.g11759,gene:Nippo_chrV.g11760"
Nippostrongylus brasiliensis,7,Nippo_chrV,1477569,1519224,41655,4,"gene:Nippo_chrV.g11865,gene:Nippo_chrV.g11866,gene:Nippo_chrV.g11867,gene:Nippo_chrV.g11868"
Nippostrongylus brasiliensis,8,Nippo_chrV,5132427,5144060,11633,4,"gene:Nippo_chrV.g12189,gene:Nippo_chrV.g12190,gene:Nippo_chrV.g12191,gene:Nippo_chrV.g12192"
Nippostrongylus brasiliensis,9,Nippo_chrV,6152584,6162544,9960,4,"gene:Nippo_chrV.g12254,gene:Nippo_chrV.g12255,gene:Nippo_chrV.g12256,gene:Nippo_chrV.g12257"
Nippostrongylus brasiliensis,10,Nippo_chrV,6520777,6570802,50025,5,"gene:Nippo_chrV.g12276,gene:Nippo_chrV.g12277,gene:Nippo_chrV.g12278,gene:Nippo_chrV.g12279,gene:Nippo_chrV.g12280"
Nippostrongylus brasiliensis,11,Nippo_chrV,28688863,28719757,30894,4,"gene:Nippo_chrV.g13532,gene:Nippo_chrV.g13533,gene:Nippo_chrV.g13534,gene:Nippo_chrV.g13535"
Nippostrongylus brasiliensis,12,Nippo_chrV,29374548,29439789,65241,5,"gene:Nippo_chrV.g13572,gene:Nippo_chrV.g13573,gene:Nippo_chrV.g13574,gene:Nippo_chrV.g13575,gene:Nippo_chrV.g13576"
Nippostrongylus brasiliensis,13,Nippo_chrV,30054836,30111245,56409,6,"gene:Nippo_chrV.g13620,gene:Nippo_chrV.g13621,gene:Nippo_chrV.g13622,gene:Nippo_chrV.g13623,gene:Nippo_chrV.g13624,gene:Nippo_chrV.g13625"
Nippostrongylus brasiliensis,14,Nippo_chrV,42793470,42860244,66774,8,"gene:Nippo_chrV.g14364,gene:Nippo_chrV.g14366,gene:Nippo_chrV.g14367,gene:Nippo_chrV.g14368,gene:Nippo_chrV.g14369,gene:Nippo_chrV.g14370,gene:Nippo_chrV.g14371,gene:Nippo_chrV.g14372"
Nippostrongylus brasiliensis,15,Nippo_chrV,43081933,43213328,131395,10,"gene:Nippo_chrV.g14383,gene:Nippo_chrV.g14386,gene:Nippo_chrV.g14388,gene:Nippo_chrV.g14389,gene:Nippo_chrV.g14390,gene:Nippo_chrV.g14391,gene:Nippo_chrV.g14392,gene:Nippo_chrV.g14394,gene:Nippo_chrV.g14396,gene:Nippo_chrV.g14397"
Nippostrongylus brasiliensis,16,Nippo_chrV,43313607,43396290,82683,8,"gene:Nippo_chrV.g14402,gene:Nippo_chrV.g14403,gene:Nippo_chrV.g14404,gene:Nippo_chrV.g14406,gene:Nippo_chrV.g14408,gene:Nippo_chrV.g14409,gene:Nippo_chrV.g14410,gene:Nippo_chrV.g14411"
Nippostrongylus brasiliensis,17,Nippo_chrV,43460882,43542491,81609,4,"gene:Nippo_chrV.g14414,gene:Nippo_chrV.g14415,gene:Nippo_chrV.g14416,gene:Nippo_chrV.g14417"
Nippostrongylus brasiliensis,18,Nippo_chrV,45137890,45189714,51824,7,"gene:Nippo_chrV.g14514,gene:Nippo_chrV.g14515,gene:Nippo_chrV.g14516,gene:Nippo_chrV.g14517,gene:Nippo_chrV.g14518,gene:Nippo_chrV.g14520,gene:Nippo_chrV.g14521"
Nippostrongylus brasiliensis,19,Nippo_chrV,45506292,45552450,46158,4,"gene:Nippo_chrV.g14535,gene:Nippo_chrV.g14538,gene:Nippo_chrV.g14539,gene:Nippo_chrV.g14540"
Nippostrongylus brasiliensis,20,Nippo_chrII,7594562,7683630,89068,6,"gene:Nippo_chrII.g3412,gene:Nippo_chrII.g3414,gene:Nippo_chrII.g3416,gene:Nippo_chrII.g3417,gene:Nippo_chrII.g3418,gene:Nippo_chrII.g3419"
Nippostrongylus brasiliensis,21,Nippo_chrI,1642294,1660784,18490,5,"gene:Nippo_chrI.g131,gene:Nippo_chrI.g132,gene:Nippo_chrI.g133,gene:Nippo_chrI.g134,gene:Nippo_chrI.g136"
Nippostrongylus brasiliensis,22,Nippo_chrI,4902351,4933067,30716,4,"gene:Nippo_chrI.g379,gene:Nippo_chrI.g380,gene:Nippo_chrI.g381,gene:Nippo_chrI.g382"
Nippostrongylus brasiliensis,23,Nippo_chrI,12148270,12198637,50367,4,"gene:Nippo_chrI.g817,gene:Nippo_chrI.g818,gene:Nippo_chrI.g820,gene:Nippo_chrI.g823"
Nippostrongylus brasiliensis,24,Nippo_chrI,14529802,14727867,198065,5,"gene:Nippo_chrI.g971,gene:Nippo_chrI.g973,gene:Nippo_chrI.g974,gene:Nippo_chrI.g975,gene:Nippo_chrI.g976"
Nippostrongylus brasiliensis,25,Nippo_chrI,29879643,29911146,31503,5,"gene:Nippo_chrI.g1864,gene:Nippo_chrI.g1865,gene:Nippo_chrI.g1867,gene:Nippo_chrI.g1868,gene:Nippo_chrI.g1869"
Nippostrongylus brasiliensis,26,Nippo_chrI,33979897,34019261,39364,4,"gene:Nippo_chrI.g2110,gene:Nippo_chrI.g2111,gene:Nippo_chrI.g2113,gene:Nippo_chrI.g2114"
Nippostrongylus brasiliensis,27,Nippo_chrI,36743437,36771338,27901,4,"gene:Nippo_chrI.g2331,gene:Nippo_chrI.g2333,gene:Nippo_chrI.g2335,gene:Nippo_chrI.g2336"
Nippostrongylus brasiliensis,28,Nippo_chrIII,34500202,34603831,103629,12,"gene:Nippo_chrIII.g7990,gene:Nippo_chrIII.g7991,gene:Nippo_chrIII.g7992,gene:Nippo_chrIII.g7993,gene:Nippo_chrIII.g7994,gene:Nippo_chrIII.g7996,gene:Nippo_chrIII.g7997,gene:Nippo_chrIII.g7998,gene:Nippo_chrIII.g7999,gene:Nippo_chrIII.g8000,gene:Nippo_chrIII.g8002,gene:Nippo_chrIII.g8003"
Nippostrongylus brasiliensis,29,Nippo_chrIII,34689547,34723449,33902,5,"gene:Nippo_chrIII.g8014,gene:Nippo_chrIII.g8015,gene:Nippo_chrIII.g8017,gene:Nippo_chrIII.g8018,gene:Nippo_chrIII.g8019"
Nippostrongylus brasiliensis,30,Nippo_chrIII,36183243,36207603,24360,4,"gene:Nippo_chrIII.g8136,gene:Nippo_chrIII.g8138,gene:Nippo_chrIII.g8139,gene:Nippo_chrIII.g8140"
Nippostrongylus brasiliensis,31,Nippo_chrIII,36954819,36972198,17379,8,"gene:Nippo_chrIII.g8188,gene:Nippo_chrIII.g8189,gene:Nippo_chrIII.g8190,gene:Nippo_chrIII.g8191,gene:Nippo_chrIII.g8192,gene:Nippo_chrIII.g8193,gene:Nippo_chrIII.g8194,gene:Nippo_chrIII.g8195"
Nippostrongylus brasiliensis,32,Nippo_chrIII,40741712,40756155,14443,5,"gene:Nippo_chrIII.g8455,gene:Nippo_chrIII.g8456,gene:Nippo_chrIII.g8457,gene:Nippo_chrIII.g8458,gene:Nippo_chrIII.g8459"
Nippostrongylus brasiliensis,33,Nippo_chrX,1760611,1789216,28605,4,"gene:Nippo_chrX.g14866,gene:Nippo_chrX.g14870,gene:Nippo_chrX.g14871,gene:Nippo_chrX.g14872"
Teladorsagia circumcincta,1,ENA|CAXWXU010000001|CAXWXU010000001.1,23627017,23653614,26597,5,"g877,g878,g879,g880,g881"
Teladorsagia circumcincta,2,ENA|CAXWXU010000001|CAXWXU010000001.1,24355876,24418703,62827,4,"g903,g904,g905,g906"
Teladorsagia circumcincta,3,ENA|CAXWXU010000001|CAXWXU010000001.1,36728956,36783592,54636,4,"g1315,g1316,g1317,g1321"
Teladorsagia circumcincta,4,ENA|CAXWXU010000001|CAXWXU010000001.1,77871424,78066452,195028,6,"g2709,g2713,g2714,g2715,g2716,g2718"
Teladorsagia circumcincta,5,ENA|CAXWXU010000002|CAXWXU010000002.1,85950947,86009963,59016,4,"g5661,g5665,g5666,g5668"
Teladorsagia circumcincta,6,ENA|CAXWXU010000003|CAXWXU010000003.1,12626122,12692907,66785,5,"g6193,g6196,g6198,g6199,g6202"
Teladorsagia circumcincta,7,ENA|CAXWXU010000003|CAXWXU010000003.1,72670918,72861642,190724,4,"g7983,g7984,g7985,g7987"
Teladorsagia circumcincta,8,ENA|CAXWXU010000003|CAXWXU010000003.1,76288464,76347966,59502,4,"g8097,g8099,g8100,g8101"
Teladorsagia circumcincta,9,ENA|CAXWXU010000003|CAXWXU010000003.1,76654866,76768473,113607,4,"g8114,g8115,g8116,g8120"
Teladorsagia circumcincta,10,ENA|CAXWXU010000004|CAXWXU010000004.1,3454976,3542935,87959,9,"g8313,g8314,g8315,g8316,g8317,g8318,g8319,g8320,g8322"
Teladorsagia circumcincta,11,ENA|CAXWXU010000004|CAXWXU010000004.1,3640303,3673441,33138,7,"g8326,g8327,g8328,g8329,g8330,g8331,g8332"
Teladorsagia circumcincta,12,ENA|CAXWXU010000004|CAXWXU010000004.1,22801354,22951452,150098,11,"g8985,g8986,g8987,g8988,g8989,g8990,g8991,g8992,g8993,g8994,g8995"
Teladorsagia circumcincta,13,ENA|CAXWXU010000004|CAXWXU010000004.1,25476954,25621110,144156,4,"g9085,g9086,g9087,g9088"
Teladorsagia circumcincta,14,ENA|CAXWXU010000005|CAXWXU010000005.1,11619696,11674065,54369,4,"g11720,g11721,g11722,g11723"
Teladorsagia circumcincta,15,ENA|CAXWXU010000005|CAXWXU010000005.1,20949218,21011600,62382,6,"g11965,g11966,g11968,g11969,g11970,g11972"
Teladorsagia circumcincta,16,ENA|CAXWXU010000005|CAXWXU010000005.1,27500523,27623870,123347,7,"g12175,g12176,g12177,g12178,g12179,g12180,g12181"
Teladorsagia circumcincta,17,ENA|CAXWXU010000005|CAXWXU010000005.1,54900597,54951321,50724,5,"g12820,g12822,g12823,g12824,g12825"
Teladorsagia circumcincta,18,ENA|CAXWXU010000005|CAXWXU010000005.1,70225804,70400869,175065,5,"g13207,g13208,g13209,g13210,g13211"
Ascaris suum,1,CM024173.1,7417116,7496451,79335,4,"g4635,g4636,g4637,g4639"
Ascaris suum,2,CM024175.1,1726452,1789594,63142,5,"g5752,g5754,g5755,g5756,g5758"
Ascaris suum,3,CM024183.1,7378025,7456184,78159,4,"g10565,g10566,g10567,g10568"