Name,NCBI Genome Accession,Genome Source,Annotation Source,RNA-seq Used for Annotation (if applicable),Outgroup Species Used,Outside Host Stage Name,Outside Host RNA-seq Accessions,Inside Host Stage Name*,Inside Host RNA-seq Accessions*
Steinernema feltiae,GCA_007213375.1,Wormbase Parasite 19 (S_feltiae_NW_1.0),Wormbase Parasite 19,-,Rhabditophanes diutinus,Infective Juviniles,"SRR2010462, SRR2010463",Young Adults,"SRR2010464, SRR2010465"
Ancylostoma ceylanicum,GCA_000688135.1,Wormbase Parasite 19 (Acey_2013.11.30.genDNA),Wormbase Parasite 19,-,Pristionchus pacificus,Infective 3rd Stage Larvae,"SRR2125582, SRR2125594, SRR2125614",Parasitic Adult Females; Parasitic Adult Males,"SRR2125591, SRR2125593, SRR2125604, SRR2125612, SRR2131029; SRR2125595, SRR2125596, SRR2125601, SRR2125615, SRR2125624, SRR2130271, SRR2130325 "
Heterodera schachtii,GCA_023374025.1,Wormbase Parasite 19 (Cam_Hsc_genome1.1),Wormbase Parasite 19,-,Aphelenchus avenae,Infective 2nd Stage Juviniles,"SRR15603418, SRR15603417, SRR15603416",Parasitic Adult Females; Parasitic Adult Males,"SRR15603411, SRR15603412, SRR15603413; SRR15603410, SRR15603439, SRR15603440"
Globodera pallida,GCA_020449905.1,Wormbase Parasite 19 (D383_Gpal_1.0),Wormbase Parasite 19,-,Aphelenchus avenae,Infective 2nd Stage Juviniles,"ERR406996, ERR202424, ERR202429",35 dpi Adults,"ERR406998, ERR202428"
Necator americanus,GCA_031761385.1,Wormbase Parasite 19 (Nec_am_Ar_1.0),Wormbase Parasite 19,-,Pristionchus pacificus,Infective 3rd Stage Larvae,"SRR609893, SRR609894",Mixed Parasitic Adults,"SRR831091, SRR892202"
Steinernema carpocapsae,GCA_000757645.3,Wormbase Parasite 19 (ASM75764v3),Wormbase Parasite 19,-,Rhabditophanes diutinus,Inactive 2nd Stage Juviniles,"SRR5028270, SRR5028271, SRR5028272",Active 2nd Stage Juviniles,"SRR5028282, SRR5028283, SRR5028284"
Bursaphelenchus xylophilus,GCA_904066235.2,Wormbase Parasite 19 (BXYJ5),Wormbase Parasite 19,-,Bursaphelenchus okinawaensis,Dispersal 4th Stage Juviniles,"DRR029450, DRR029451, DRR029452",Parasitic Adult Females; Parasitic Adult Males,"DRR141213, DRR141214; DRR141211, DRR141212"
Heterodera glycines,GCA_004148225.2,Wormbase Parasite 19 (ASM414822v2),Wormbase Parasite 19,-,Aphelenchus avenae,Pre-parasitic 2nd Stage Juviniles,"SRR6230579, SRR6230581, SRR6230582",Post-parasitic 2nd Stage Juviniles,"SRR6230583, SRR6230584, SRR6230587"
Haemonchus contortus,GCA_000469685.2,Wormbase Parasite 19 (haemonchus_contortus_MHCO3ISE_4.0),Wormbase Parasite 19,-,Pristionchus pacificus,Shieved 3rd Stage Larvae,"ERR229546, ERR229547, ERR229548",Parasitic Adult Females; Parasitic Adult Males,"ERR229537, ERR229538, ERR229539; ERR229540, ERR229541, ERR229542"
Nippostrongylus brasiliensis,GCA_030553155.1,Wormbase Parasite 19 (ASM3055315v1),Wormbase Parasite 19,-,Pristionchus pacificus,Infective 3rd Stage Larvae,"ERR2023646, ERR2023647, ERR2023648","3rd Stage Larvae, Blood Feeding","ERR2023652, ERR2023653, ERR2023654"
Meloidogyne arenaria,GCA_036172955.1,"Link from Paper (https://bmb.hzau.edu.cn/info/1031/1493.htm, 3n version)",https://bmb.hzau.edu.cn/info/1031/1493.htm,-,Aphelenchus avenae,Infective 2nd Stage Juviniles,"SRR17162189, SRR17162190, SRR17162191",Parasitic Adult Females,"SRR17162181, SRR17162182, SRR17162183"
Meloidogyne graminicola,GCA_036172845.1,Link from Paper (https://bmb.hzau.edu.cn/info/1031/1493.htm),https://bmb.hzau.edu.cn/info/1031/1493.htm,-,Aphelenchus avenae,Infective 2nd Stage Juviniles,"SRR17162185, SRR17162196, SRR17162210",Parasitic Adult Females,"SRR17162228, SRR17162231, SRR17162232"
Meloidogyne incognita,GCA_036172945.1,Link from Paper (https://bmb.hzau.edu.cn/info/1031/1493.htm),https://bmb.hzau.edu.cn/info/1031/1493.htm,-,Aphelenchus avenae,Infective 2nd Stage Juviniles,"SRR5684412, SRR5684414, SRR5684416",Parasitic Adult Females,"SRR5684409, SRR5684410, SRR5684411"
Meloidogyne javanica,GCA_036172935.1,Link from Paper (https://bmb.hzau.edu.cn/info/1031/1493.htm),https://bmb.hzau.edu.cn/info/1031/1493.htm,-,Aphelenchus avenae,Infective 2nd Stage Juviniles,"SRR17162205, SRR17162206, SRR17162207",Parasitic Adult Females,"SRR17162195, SRR17162197, SRR17162198"
Teladorsagia circumcincta,GCA_964273815.1,ENA,BRAKER3,"ERR949589, ERR949598, ERR949590, ERR949599, ERR949591, ERR949600, ERR949592, ERR949601, ERR949593, ERR949602, ERR949594, ERR949603, ERR949595, ERR949604, ERR949596, ERR949605, ERR949597, ERR949606",Pristionchus pacificus,Infective 3rd Stage Larvae,"ERR949595, ERR949604, ERR949596, ERR949605, ERR949597, ERR949606",Parasitic Adult Females; Parasitic Adult Males,"ERR949589, ERR949598, ERR949590, ERR949599, ERR949591, ERR949600; ERR949592, ERR949601, ERR949593, ERR949602, ERR949594, ERR949603"
Ancylostoma caninum,GCA_037903475.1,NCBI,BRAKER3,"SRR332450, SRR332574, SRR332575, SRR332576, SRR332577, SRR332578, SRR332579, SRR332580, SRR332581",Pristionchus pacificus,Infective 3rd Stage Larvae,"SRR3945575, SRR3945576",Parasitic Adult Females; Parasitic Adult Males,SRR3945579; SRR3945578
Dictyocaulus viviparus,GCA_964187775.1,NCBI,BRAKER3,"SRR1021572, SRR1021573, SRR1021574, SRR1021579, SRR1021580, SRR1021595, SRR1021728, SRR1022505, SRR1566542, SRR1566549, SRR1566551, SRR1566552, SRR1566553, SRR1566554, SRR1566555, SRR1566595, SRR1566604, SRR1566605, SRR1568783, SRR1793032",Pristionchus pacificus,Infective 3rd Stage Larvae,"SRR1021576, SRR1566605",Parasitic Adult Females; Parasitic Adult Males,"SRR1021573, SRR1021580; SRR1021571, SRR1021728"
Strongyloides ratti,GCA_963264645.1,NCBI,BRAKER3,"ERR225783, ERR225784, ERR299168, ERR299169, ERR299170, ERR299171, ERR299172, ERR299173, ERR299174, ERR299175, ERR299176, ERR299177, ERR299178, ERR299179",Rhabditophanes diutinus,Infective 3rd Stage Larvae,ERR225784,Parasitic Adult Females,"ERR299168, ERR299169, ERR299170, ERR299174, ERR299175, ERR299176"
Strongyloides stercoralis,GCA_029582065.1,https://github.com/tomh1lll/Sstrongyloides,BRAKER3,"ERR146941, ERR146942, ERR146943, ERR146944, ERR146945, ERR146946, ERR146947, ERR146948, ERR146949, ERR146950, ERR146951, ERR146952, ERR146953, ERR146954, ERR146955, ERR146956, ERR146957, ERR146958, ERR146959, ERR146960, ERR146961",Rhabditophanes diutinus,Infective 3rd Stage Larvae,"ERR146947, ERR146948, ERR146949",Parasitic Adult Females,"ERR146959, ERR146960, ERR146961"
Strongyloides venezuelensis,GCA_963280985.1,NCBI,BRAKER3,"DRR029441, DRR029442, DRR029282, DRR106346, DRR106347, DRR106348, DRR106349, DRR106350, DRR106351, DRR106352, DRR106353, DRR106354, DRR106355, DRR106356, DRR106357, DRR029435, DRR029436",Rhabditophanes diutinus,Infective 3rd Stage Larvae,"DRR029435, DRR029436",Parasitic Adult Females,"DRR106352, DRR106353, DRR106354, DRR106355, DRR106356, DRR106357"
Strongyloides papillosus,GCA_005656395.1,NCBI,BRAKER3,"ERR1466827, ERR1466828, ERR1466829, ERR1466830, ERR1466831, ERR1466832, ERR1466833 ERR1466834, ERR1466835, ERR1466836",Rhabditophanes diutinus,Infective 3rd Stage Larvae,"ERR1466833, ERR1466834",Parasitic Adult Females,ERR1466835
Ascaris suum,GCA_013433145.1,NCBI,BRAKER3,"SRR096904, SRR096897, SRR096898, SRR096899, SRR096900, SRR096901, SRR096903, SRR096902, SRR096891, SRR096892, SRR096893, SRR096894, SRR096895, SRR096896, SRR096905, SRR1206893, SRR1206894, SRR1206895, SRR1206896, SRR1206881, SRR1206890, SRR1206891, SRR1206892, SRR1209155, SRR1209119, SRR1209154, SRR1209117",Plectus sambesii,3rd Stage Larvae in Eggs,SRR1209155,Parasitic Adults,"SRR851237, SRR851252, SRR851258, SRR869505"